datetime,high,low,average,volume
2010-07-17 00:00:00,,,0.05,20
2010-07-18 00:00:00,,,0.07,75.01
2010-07-19 00:00:00,,,0.09,574
2010-07-20 00:00:00,,,0.08,262
2010-07-21 00:00:00,,,0.07,575
2010-07-22 00:00:00,,,0.06,2160
2010-07-23 00:00:00,,,0.06,2402.5
2010-07-24 00:00:00,,,0.05,496.32
2010-07-25 00:00:00,,,0.05,1551.48
2010-07-26 00:00:00,,,0.05,877
2010-07-27 00:00:00,,,0.06,3373.69
2010-07-28 00:00:00,,,0.06,4390.29
2010-07-29 00:00:00,,,0.07,8058.49
2010-07-30 00:00:00,,,0.07,3020.85
2010-07-31 00:00:00,,,0.06,4022.25
2010-08-01 00:00:00,,,0.06,2601
2010-08-02 00:00:00,,,0.06,3599
2010-08-03 00:00:00,,,0.06,9821.46
2010-08-04 00:00:00,,,0.06,3494
2010-08-05 00:00:00,,,0.06,5034.07
2010-08-06 00:00:00,,,0.06,1395
2010-08-07 00:00:00,,,0.06,2619
2010-08-08 00:00:00,,,0.06,2201
2010-08-09 00:00:00,,,0.07,13631.09
2010-08-10 00:00:00,,,0.07,1310.39
2010-08-11 00:00:00,,,0.07,14061.18
2010-08-12 00:00:00,,,0.07,2062.31
2010-08-13 00:00:00,,,0.07,3591.77
2010-08-14 00:00:00,,,0.07,4404.2
2010-08-15 00:00:00,,,0.07,4462.87
2010-08-16 00:00:00,,,0.06,10731.47
2010-08-17 00:00:00,,,0.07,13185.74
2010-08-18 00:00:00,,,0.07,2953.98
2010-08-19 00:00:00,,,0.07,741.12
2010-08-20 00:00:00,,,0.07,4199.75
2010-08-21 00:00:00,,,0.07,10443.86
2010-08-22 00:00:00,,,0.06,18648.97
2010-08-23 00:00:00,,,0.07,4297.49
2010-08-24 00:00:00,,,0.07,6711.76
2010-08-25 00:00:00,,,0.07,4228.88
2010-08-26 00:00:00,,,0.07,3870.01
2010-08-27 00:00:00,,,0.06,9009.97
2010-08-28 00:00:00,,,0.06,6174.01
2010-08-29 00:00:00,,,0.06,3173.4
2010-08-30 00:00:00,,,0.06,34193.14
2010-08-31 00:00:00,,,0.06,14886.91
2010-09-01 00:00:00,,,0.06,7164.72
2010-09-02 00:00:00,,,0.06,8150.73
2010-09-03 00:00:00,,,0.06,892
2010-09-04 00:00:00,,,0.06,3301
2010-09-05 00:00:00,,,0.06,8459.24
2010-09-06 00:00:00,,,0.06,910
2010-09-07 00:00:00,,,0.06,3457.19
2010-09-08 00:00:00,,,0.06,2345.41
2010-09-09 00:00:00,,,0.06,1733.5
2010-09-10 00:00:00,,,0.06,4939.79
2010-09-11 00:00:00,,,0.06,7749.14
2010-09-12 00:00:00,,,0.06,793.88
2010-09-13 00:00:00,,,0.06,10076.34
2010-09-14 00:00:00,,,0.06,14014.81
2010-09-15 00:00:00,,,0.06,3651.85
2010-09-16 00:00:00,,,0.06,730
2010-09-17 00:00:00,,,0.06,7262
2010-09-18 00:00:00,,,0.06,7092.61
2010-09-19 00:00:00,,,0.06,12852.17
2010-09-20 00:00:00,,,0.06,14307.94
2010-09-21 00:00:00,,,0.06,5735.95
2010-09-22 00:00:00,,,0.06,11560.4
2010-09-23 00:00:00,,,0.06,15505.33
2010-09-24 00:00:00,,,0.06,684.38
2010-09-25 00:00:00,,,0.06,2152.5
2010-09-26 00:00:00,,,0.06,12058.13
2010-09-27 00:00:00,,,0.06,10752.25
2010-09-28 00:00:00,,,0.06,7086.15
2010-09-29 00:00:00,,,0.06,23475.64
2010-09-30 00:00:00,,,0.06,7917.03
2010-10-01 00:00:00,,,0.06,1717.45
2010-10-02 00:00:00,,,0.06,13059.74
2010-10-03 00:00:00,,,0.06,7172.63
2010-10-04 00:00:00,,,0.06,33995.37
2010-10-05 00:00:00,,,0.06,27526.61
2010-10-06 00:00:00,,,0.06,33433.3
2010-10-07 00:00:00,,,0.06,43692.98
2010-10-08 00:00:00,,,0.08,139287.29
2010-10-09 00:00:00,,,0.09,187846.95
2010-10-10 00:00:00,,,0.1,50684.19
2010-10-11 00:00:00,,,0.1,14092.91
2010-10-12 00:00:00,,,0.09,25660.75
2010-10-13 00:00:00,,,0.1,47557.27
2010-10-14 00:00:00,,,0.1,37217.28
2010-10-15 00:00:00,,,0.1,24643.33
2010-10-16 00:00:00,,,0.1,6284.71
2010-10-17 00:00:00,,,0.1,18222.19
2010-10-18 00:00:00,,,0.1,25665.09
2010-10-19 00:00:00,,,0.1,6235.1
2010-10-20 00:00:00,,,0.1,31855
2010-10-21 00:00:00,,,0.1,44867
2010-10-22 00:00:00,,,0.11,34603.91
2010-10-23 00:00:00,,,0.11,4423.47
2010-10-24 00:00:00,,,0.11,13800.23
2010-10-25 00:00:00,,,0.15,30299.64
2010-10-26 00:00:00,,,0.16,19219.13
2010-10-27 00:00:00,,,0.18,65605.87
2010-10-28 00:00:00,,,0.19,21525.04
2010-10-29 00:00:00,,,0.19,28686.85
2010-10-30 00:00:00,,,0.19,26708.94
2010-10-31 00:00:00,,,0.19,40337.76
2010-11-01 00:00:00,,,0.19,21258.61
2010-11-02 00:00:00,,,0.19,5853.39
2010-11-03 00:00:00,,,0.19,61472.63
2010-11-04 00:00:00,,,0.21,29698.43
2010-11-05 00:00:00,,,0.24,36622.07
2010-11-06 00:00:00,,,0.29,32756.13
2010-11-07 00:00:00,,,0.36,77218.72
2010-11-08 00:00:00,,,0.32,118203.83
2010-11-09 00:00:00,,,0.27,47983.39
2010-11-10 00:00:00,,,0.2,30387.03
2010-11-11 00:00:00,,,0.22,5031.88
2010-11-12 00:00:00,,,0.26,40720.39
2010-11-13 00:00:00,,,0.29,21915.57
2010-11-14 00:00:00,,,0.28,16844.33
2010-11-15 00:00:00,,,0.27,8507.74
2010-11-16 00:00:00,,,0.25,33931.01
2010-11-17 00:00:00,,,0.26,32871.6
2010-11-18 00:00:00,,,0.27,37446.67
2010-11-19 00:00:00,,,0.27,2157.56
2010-11-20 00:00:00,,,0.28,14652.69
2010-11-21 00:00:00,,,0.28,765
2010-11-22 00:00:00,,,0.28,28205.85
2010-11-23 00:00:00,,,0.28,4856.92
2010-11-24 00:00:00,,,0.28,2514.91
2010-11-25 00:00:00,,,0.28,1679.6
2010-11-26 00:00:00,,,0.28,33531.88
2010-11-27 00:00:00,,,0.28,1825.39
2010-11-28 00:00:00,,,0.28,20802.13
2010-11-29 00:00:00,,,0.25,35055.4
2010-11-30 00:00:00,,,0.21,21476.25
2010-12-01 00:00:00,,,0.21,8157.89
2010-12-02 00:00:00,,,0.24,20312.23
2010-12-03 00:00:00,,,0.25,2570.34
2010-12-04 00:00:00,,,0.23,28560.72
2010-12-05 00:00:00,,,0.21,5740.18
2010-12-06 00:00:00,,,0.2,4319.26
2010-12-07 00:00:00,,,0.22,24592.92
2010-12-08 00:00:00,,,0.23,3430.41
2010-12-09 00:00:00,,,0.21,21336.33
2010-12-10 00:00:00,,,0.19,1684.25
2010-12-11 00:00:00,,,0.22,5788.69
2010-12-12 00:00:00,,,0.21,1963.56
2010-12-13 00:00:00,,,0.22,6415.59
2010-12-14 00:00:00,,,0.23,10388.1
2010-12-15 00:00:00,,,0.24,3684.68
2010-12-16 00:00:00,,,0.25,14355.33
2010-12-17 00:00:00,,,0.25,525.51
2010-12-18 00:00:00,,,0.25,169.11
2010-12-19 00:00:00,,,0.24,2000.76
2010-12-20 00:00:00,,,0.26,10682.71
2010-12-21 00:00:00,,,0.25,9225.79
2010-12-22 00:00:00,,,0.25,3800.46
2010-12-23 00:00:00,,,0.25,8650.15
2010-12-24 00:00:00,,,0.25,5033.25
2010-12-25 00:00:00,,,0.25,703
2010-12-26 00:00:00,,,0.25,16584.97
2010-12-27 00:00:00,,,0.26,4935.49
2010-12-28 00:00:00,,,0.27,15438.71
2010-12-29 00:00:00,,,0.29,18609.14
2010-12-30 00:00:00,,,0.3,2539.87
2010-12-31 00:00:00,,,0.29,1453.72
2011-01-01 00:00:00,,,0.3,2821.24
2011-01-02 00:00:00,,,0.3,5352.11
2011-01-03 00:00:00,,,0.3,1425.19
2011-01-04 00:00:00,,,0.29,1879
2011-01-05 00:00:00,,,0.3,357.16
2011-01-06 00:00:00,,,0.3,3456.49
2011-01-07 00:00:00,,,0.31,42601.12
2011-01-08 00:00:00,,,0.31,1629.44
2011-01-09 00:00:00,,,0.32,1691.37
2011-01-10 00:00:00,,,0.32,10355.83
2011-01-11 00:00:00,,,0.32,4857.8
2011-01-12 00:00:00,,,0.34,31359.77
2011-01-13 00:00:00,,,0.36,20118.9
2011-01-14 00:00:00,,,0.39,27130.96
2011-01-15 00:00:00,,,0.39,1515.66
2011-01-16 00:00:00,,,0.39,2778.71
2011-01-17 00:00:00,,,0.35,18241.15
2011-01-18 00:00:00,,,0.32,15671.51
2011-01-19 00:00:00,,,0.31,7291.63
2011-01-20 00:00:00,,,0.35,19881.98
2011-01-21 00:00:00,,,0.4,8477.55
2011-01-22 00:00:00,,,0.43,10534.27
2011-01-23 00:00:00,,,0.44,1148.4
2011-01-24 00:00:00,,,0.41,11061.94
2011-01-25 00:00:00,,,0.42,2163.72
2011-01-26 00:00:00,,,0.41,15564.81
2011-01-27 00:00:00,,,0.44,27708.2
2011-01-28 00:00:00,,,0.43,5324.5
2011-01-29 00:00:00,,,0.44,1448.38
2011-01-30 00:00:00,,,0.46,10383.59
2011-01-31 00:00:00,,,0.51,63516.08
2011-02-01 00:00:00,,,0.74,31562.12
2011-02-02 00:00:00,,,0.73,5627.48
2011-02-03 00:00:00,,,0.71,8524.5
2011-02-04 00:00:00,,,0.8,42222.19
2011-02-05 00:00:00,,,0.86,15786.81
2011-02-06 00:00:00,,,0.87,8744.11
2011-02-07 00:00:00,,,0.86,2264.28
2011-02-08 00:00:00,,,0.9,7021.29
2011-02-09 00:00:00,,,0.96,49632.5
2011-02-10 00:00:00,,,0.96,26559.64
2011-02-11 00:00:00,,,0.99,13299.18
2011-02-12 00:00:00,,,1.06,4118.92
2011-02-13 00:00:00,,,1.05,3240.64
2011-02-14 00:00:00,,,1.06,7096.55
2011-02-15 00:00:00,,,1.05,8616.58
2011-02-16 00:00:00,,,1.04,7192.38
2011-02-17 00:00:00,,,1.04,4009.84
2011-02-18 00:00:00,,,0.89,36948.16
2011-02-19 00:00:00,,,0.91,3798.71
2011-02-20 00:00:00,,,0.85,9974.05
2011-02-21 00:00:00,,,0.84,1700.12
2011-02-22 00:00:00,,,0.88,12095.26
2011-02-23 00:00:00,,,0.9,6718.87
2011-02-24 00:00:00,,,0.95,13418.69
2011-02-25 00:00:00,,,0.96,4461.06
2011-02-26 00:00:00,,,0.94,4744.41
2011-02-27 00:00:00,,,0.93,23268.75
2011-02-28 00:00:00,,,0.88,4651.67
2011-03-01 00:00:00,,,0.95,22569.78
2011-03-02 00:00:00,,,0.92,2741.87
2011-03-03 00:00:00,,,0.92,2746.67
2011-03-04 00:00:00,,,0.91,2711.89
2011-03-05 00:00:00,,,0.88,12570.59
2011-03-06 00:00:00,,,0.85,12626.49
2011-03-07 00:00:00,,,0.89,15271.27
2011-03-08 00:00:00,,,0.87,4527.85
2011-03-09 00:00:00,,,0.85,4546.05
2011-03-10 00:00:00,,,0.89,8869.01
2011-03-11 00:00:00,,,0.89,3725.51
2011-03-12 00:00:00,,,0.9,4822.83
2011-03-13 00:00:00,,,0.9,660.31
2011-03-14 00:00:00,,,0.89,5269.24
2011-03-15 00:00:00,,,0.88,2732.16
2011-03-16 00:00:00,,,0.85,7929.62
2011-03-17 00:00:00,,,0.84,7159.78
2011-03-18 00:00:00,,,0.77,14226.22
2011-03-19 00:00:00,,,0.76,9875.04
2011-03-20 00:00:00,,,0.77,5815.32
2011-03-21 00:00:00,,,0.75,3695.96
2011-03-22 00:00:00,,,0.78,12147.72
2011-03-23 00:00:00,,,0.83,13262.26
2011-03-24 00:00:00,,,0.88,14009.37
2011-03-25 00:00:00,,,0.88,4819.42
2011-03-26 00:00:00,,,0.87,11756.42
2011-03-27 00:00:00,,,0.83,5337.15
2011-03-28 00:00:00,,,0.81,12565.15
2011-03-29 00:00:00,,,0.79,4215.02
2011-03-30 00:00:00,,,0.79,3218.22
2011-03-31 00:00:00,,,0.79,6875.08
2011-04-01 00:00:00,,,0.78,3186.77
2011-04-02 00:00:00,,,0.79,2493.59
2011-04-03 00:00:00,,,0.78,3931.39
2011-04-04 00:00:00,,,0.69,31155.46
2011-04-05 00:00:00,,,0.67,9730.3
2011-04-06 00:00:00,,,0.72,8703.95
2011-04-07 00:00:00,,,0.75,10832.99
2011-04-08 00:00:00,,,0.76,18207.3
2011-04-09 00:00:00,,,0.74,12119.4
2011-04-10 00:00:00,,,0.74,5348.98
2011-04-11 00:00:00,,,0.77,14645.93
2011-04-12 00:00:00,,,0.85,48417.6
2011-04-13 00:00:00,,,0.93,43397.56
2011-04-14 00:00:00,,,0.95,31111.88
2011-04-15 00:00:00,,,1,50304.61
2011-04-16 00:00:00,,,1.04,28869.3
2011-04-17 00:00:00,,,1.08,24225.7
2011-04-18 00:00:00,,,1.15,27478.69
2011-04-19 00:00:00,,,1.18,12556.73
2011-04-20 00:00:00,,,1.16,21344.95
2011-04-21 00:00:00,,,1.18,39295.69
2011-04-22 00:00:00,,,1.29,39415.39
2011-04-23 00:00:00,,,1.55,66620.36
2011-04-24 00:00:00,,,1.67,21541.69
2011-04-25 00:00:00,,,1.58,13471.6
2011-04-26 00:00:00,,,1.67,24054.31
2011-04-27 00:00:00,,,1.89,33055.26
2011-04-28 00:00:00,,,2.03,100238.23
2011-04-29 00:00:00,,,2.59,57577.32
2011-04-30 00:00:00,,,3.29,65427.8
2011-05-01 00:00:00,,,3.14,45772.07
2011-05-02 00:00:00,,,3.24,18333.83
2011-05-03 00:00:00,,,3.32,16919.18
2011-05-04 00:00:00,,,3.44,17278.29
2011-05-05 00:00:00,,,3.41,15350.34
2011-05-06 00:00:00,,,3.48,23014.7
2011-05-07 00:00:00,,,3.61,17833.29
2011-05-08 00:00:00,,,3.77,21132.51
2011-05-09 00:00:00,,,3.8,11520.93
2011-05-10 00:00:00,,,4.74,56217.32
2011-05-11 00:00:00,,,5.35,52569.15
2011-05-12 00:00:00,,,5.83,31722.46
2011-05-13 00:00:00,,,7.48,64003.37
2011-05-14 00:00:00,,,7.86,55390.45
2011-05-15 00:00:00,,,6.74,18294.87
2011-05-16 00:00:00,,,7.77,44141.41
2011-05-17 00:00:00,,,7.52,35345.46
2011-05-18 00:00:00,,,7.14,25403.44
2011-05-19 00:00:00,,,6.96,24436.41
2011-05-20 00:00:00,,,6.28,44460.44
2011-05-21 00:00:00,,,5.97,31111.9
2011-05-22 00:00:00,,,6.47,23872.15
2011-05-23 00:00:00,,,7.1,35279.88
2011-05-24 00:00:00,,,7.23,29282.48
2011-05-25 00:00:00,,,7.98,64049.94
2011-05-26 00:00:00,,,8.55,28644.99
2011-05-27 00:00:00,,,8.67,14431.84
2011-05-28 00:00:00,,,8.45,12247.72
2011-05-29 00:00:00,,,8.3,7487.54
2011-05-30 00:00:00,,,8.72,17680.15
2011-05-31 00:00:00,,,8.88,45794.43
2011-06-01 00:00:00,,,9.21,43479.96
2011-06-02 00:00:00,,,10.11,41047.27
2011-06-03 00:00:00,,,13.08,72980.24
2011-06-04 00:00:00,,,16.41,44475.34
2011-06-05 00:00:00,,,17.32,24278.97
2011-06-06 00:00:00,,,18.46,55092.47
2011-06-07 00:00:00,,,19.9,53715.04
2011-06-08 00:00:00,,,27.25,104925.16
2011-06-09 00:00:00,,,29.58,62933.66
2011-06-10 00:00:00,,,24.67,92208.2
2011-06-11 00:00:00,,,17.61,121869.97
2011-06-12 00:00:00,,,16.21,151194.16
2011-06-13 00:00:00,,,20.11,73421.79
2011-06-14 00:00:00,,,19.25,36155.99
2011-06-15 00:00:00,,,19.68,27711.9
2011-06-16 00:00:00,,,18.86,49202.14
2011-06-17 00:00:00,,,15.51,108623.77
2011-06-18 00:00:00,,,16.04,35536.55
2011-06-19 00:00:00,,,17.77,30176.74
2011-06-26 00:00:00,,,15.59,15053.93
2011-06-27 00:00:00,,,17.01,31452.54
2011-06-28 00:00:00,,,16.93,24398.15
2011-06-29 00:00:00,,,16.88,21043.37
2011-06-30 00:00:00,,,16.51,34961.19
2011-07-01 00:00:00,,,15.9,33284.45
2011-07-02 00:00:00,,,15.53,19453.24
2011-07-03 00:00:00,,,15.48,16792.29
2011-07-04 00:00:00,,,14.48,52276.99
2011-07-05 00:00:00,,,12.8,84081.15
2011-07-06 00:00:00,,,14.8,111818.32
2011-07-07 00:00:00,,,15.16,54465.7
2011-07-08 00:00:00,,,14.35,34853.42
2011-07-09 00:00:00,,,14.39,11909.17
2011-07-10 00:00:00,,,15.08,45284.42
2011-07-11 00:00:00,,,14.37,49160.01
2011-07-12 00:00:00,,,14.15,26356.51
2011-07-13 00:00:00,,,14.03,10338.15
2011-07-14 00:00:00,,,13.93,17661.16
2011-07-15 00:00:00,,,13.9,24819.54
2011-07-16 00:00:00,,,13.62,17264.49
2011-07-17 00:00:00,,,13.34,34375.47
2011-07-18 00:00:00,,,13.03,75896.31
2011-07-19 00:00:00,,,14.04,67575.61
2011-07-20 00:00:00,,,13.69,23177.9
2011-07-21 00:00:00,,,13.66,25018.37
2011-07-22 00:00:00,,,13.65,15165.62
2011-07-23 00:00:00,,,13.64,22455.6
2011-07-24 00:00:00,,,13.86,26623.26
2011-07-25 00:00:00,,,14.2,31577.96
2011-07-26 00:00:00,,,13.91,16793.86
2011-07-27 00:00:00,,,13.96,11508.66
2011-07-28 00:00:00,,,13.61,32738.27
2011-07-29 00:00:00,,,13.51,7257.51
2011-07-30 00:00:00,,,13.53,6104.38
2011-07-31 00:00:00,,,13.52,45723.44
2011-08-01 00:00:00,,,13.17,21748.09
2011-08-02 00:00:00,,,12.39,57242.69
2011-08-03 00:00:00,,,10.45,90287.33
2011-08-04 00:00:00,,,10.58,50094.1
2011-08-05 00:00:00,,,10.27,30765.69
2011-08-06 00:00:00,,,7.82,102411.73
2011-08-07 00:00:00,,,7.72,89830.96
2011-08-08 00:00:00,,,7.74,34042.22
2011-08-09 00:00:00,,,9.72,114472.78
2011-08-10 00:00:00,,,10,24254.45
2011-08-11 00:00:00,,,9.47,58114.56
2011-08-12 00:00:00,,,9.32,41592.12
2011-08-13 00:00:00,,,9.8,29759.76
2011-08-14 00:00:00,,,10.61,44142.85
2011-08-15 00:00:00,,,11.3,38183.53
2011-08-16 00:00:00,,,11.05,15334.63
2011-08-17 00:00:00,,,10.88,22939.98
2011-08-18 00:00:00,,,10.9,8222.8
2011-08-19 00:00:00,,,11.4,33765.21
2011-08-20 00:00:00,,,11.49,9940.27
2011-08-21 00:00:00,,,11.38,8787.2
2011-08-22 00:00:00,,,11.03,37055.32
2011-08-23 00:00:00,,,11.03,12797.1
2011-08-24 00:00:00,,,10.94,7852.55
2011-08-25 00:00:00,,,10.01,55547.42
2011-08-26 00:00:00,,,8.65,83026.56
2011-08-27 00:00:00,,,8.63,22010.04
2011-08-28 00:00:00,,,8.97,24159.85
2011-08-29 00:00:00,,,8.93,21685.29
2011-08-30 00:00:00,,,8.78,11810.88
2011-08-31 00:00:00,,,8.35,19683.08
2011-09-01 00:00:00,,,8.22,11912.68
2011-09-02 00:00:00,,,8.44,16836.29
2011-09-03 00:00:00,,,8.53,6975.23
2011-09-04 00:00:00,,,8.17,19719.6
2011-09-05 00:00:00,,,7.62,30846.84
2011-09-06 00:00:00,,,6.73,82558.56
2011-09-07 00:00:00,,,7.03,49687.4
2011-09-08 00:00:00,,,6.8,31944.44
2011-09-09 00:00:00,,,5.31,217540.23
2011-09-10 00:00:00,,,5.03,44639.39
2011-09-11 00:00:00,,,6.06,145150.7
2011-09-12 00:00:00,,,6.04,64182.61
2011-09-13 00:00:00,,,5.79,26147.95
2011-09-14 00:00:00,,,5.55,45360.18
2011-09-15 00:00:00,,,4.97,88688.37
2011-09-16 00:00:00,,,4.81,32338.46
2011-09-17 00:00:00,,,4.77,23095.8
2011-09-18 00:00:00,,,5.11,47284.85
2011-09-19 00:00:00,,,5.26,52915.08
2011-09-20 00:00:00,,,6.1,120257.28
2011-09-21 00:00:00,,,5.62,71983.35
2011-09-22 00:00:00,,,5.49,35211.01
2011-09-23 00:00:00,,,5.59,57873.1
2011-09-24 00:00:00,,,5.41,20257.37
2011-09-25 00:00:00,,,5.32,12219.25
2011-09-26 00:00:00,,,4.95,58824.78
2011-09-27 00:00:00,,,4.84,32240.24
2011-09-28 00:00:00,,,4.74,35035.38
2011-09-29 00:00:00,,,4.7,16923.63
2011-09-30 00:00:00,,,5.01,42893.6
2011-10-01 00:00:00,,,5.05,23967.33
2011-10-02 00:00:00,,,4.98,10982.6
2011-10-03 00:00:00,,,4.94,19569.47
2011-10-04 00:00:00,,,4.9,20007.76
2011-10-05 00:00:00,,,4.86,20570.04
2011-10-06 00:00:00,,,4.68,57609.01
2011-10-07 00:00:00,,,4.29,98871.79
2011-10-08 00:00:00,,,4.03,40238.24
2011-10-09 00:00:00,,,4.19,38169.59
2011-10-10 00:00:00,,,4.1,17580.38
2011-10-11 00:00:00,,,3.95,41837.43
2011-10-12 00:00:00,,,4.07,70098.1
2011-10-13 00:00:00,,,4.08,20669.62
2011-10-14 00:00:00,,,4,21444.18
2011-10-15 00:00:00,,,3.89,42895.66
2011-10-16 00:00:00,,,3.64,37512.1
2011-10-17 00:00:00,,,2.85,208676.35
2011-10-18 00:00:00,,,2.62,88365.65
2011-10-19 00:00:00,,,2.28,102479.86
2011-10-20 00:00:00,,,2.31,49371.88
2011-10-21 00:00:00,,,2.54,73851.07
2011-10-22 00:00:00,,,3.01,121360.17
2011-10-23 00:00:00,,,3.08,37764.56
2011-10-24 00:00:00,,,2.81,92803.84
2011-10-25 00:00:00,,,2.74,102426.43
2011-10-26 00:00:00,,,2.75,30326.81
2011-10-27 00:00:00,,,2.92,59449.56
2011-10-28 00:00:00,,,3.11,53410.78
2011-10-29 00:00:00,,,3.54,80533.65
2011-10-30 00:00:00,,,3.38,51820.79
2011-10-31 00:00:00,,,3.19,31543
2011-11-01 00:00:00,,,3.19,38666.72
2011-11-02 00:00:00,,,3.23,32727.8
2011-11-03 00:00:00,,,3.21,24922.18
2011-11-04 00:00:00,,,3.13,40625.69
2011-11-05 00:00:00,,,3.01,53518.09
2011-11-06 00:00:00,,,2.96,17543.6
2011-11-07 00:00:00,,,3,24480.55
2011-11-08 00:00:00,,,3.09,62115.94
2011-11-09 00:00:00,,,3,52850.96
2011-11-10 00:00:00,,,2.87,34708.29
2011-11-11 00:00:00,,,2.97,45292.63
2011-11-12 00:00:00,,,3.06,20995.48
2011-11-13 00:00:00,,,3,9780.33
2011-11-14 00:00:00,,,2.51,384475.29
2011-11-15 00:00:00,,,2.3,77616
2011-11-16 00:00:00,,,2.46,44834.6
2011-11-17 00:00:00,,,2.23,120547.36
2011-11-18 00:00:00,,,2.14,99565.69
2011-11-19 00:00:00,,,2.17,79753.9
2011-11-20 00:00:00,,,2.28,80777.15
2011-11-21 00:00:00,,,2.23,43745.57
2011-11-22 00:00:00,,,2.31,35273.62
2011-11-23 00:00:00,,,2.32,41113.77
2011-11-24 00:00:00,,,2.42,88867.34
2011-11-25 00:00:00,,,2.47,45361.86
2011-11-26 00:00:00,,,2.48,36412.63
2011-11-27 00:00:00,,,2.46,23125.54
2011-11-28 00:00:00,,,2.51,42519.93
2011-11-29 00:00:00,,,2.79,181329.33
2011-11-30 00:00:00,,,2.91,121003.03
2011-12-01 00:00:00,,,3.05,65503.57
2011-12-02 00:00:00,,,3.1,58549.86
2011-12-03 00:00:00,,,2.93,123933.65
2011-12-04 00:00:00,,,2.75,95772.81
2011-12-05 00:00:00,,,2.87,31533.18
2011-12-06 00:00:00,,,2.98,57102.26
2011-12-07 00:00:00,,,3,59401.09
2011-12-08 00:00:00,,,2.95,41242.33
2011-12-09 00:00:00,,,2.99,35346.14
2011-12-10 00:00:00,,,3.04,75433.74
2011-12-11 00:00:00,,,3.2,109957.11
2011-12-12 00:00:00,,,3.18,40857.21
2011-12-13 00:00:00,,,3.21,33480.66
2011-12-14 00:00:00,,,3.12,73772.18
2011-12-15 00:00:00,,,3.17,30782.06
2011-12-16 00:00:00,,,3.18,30928.62
2011-12-17 00:00:00,,,3.19,16957
2011-12-18 00:00:00,,,3.2,11370.34
2011-12-19 00:00:00,,,3.41,141522.49
2011-12-20 00:00:00,,,3.97,187493.36
2011-12-21 00:00:00,,,3.93,49632.1
2011-12-22 00:00:00,,,3.79,57621.99
2011-12-23 00:00:00,,,3.9,21101.04
2011-12-24 00:00:00,,,3.92,15579.42
2011-12-25 00:00:00,,,4.14,81062.98
2011-12-26 00:00:00,,,4.04,89435.39
2011-12-27 00:00:00,,,4.02,31427.07
2011-12-28 00:00:00,,,4.14,34619.22
2011-12-29 00:00:00,,,4.22,53844.05
2011-12-30 00:00:00,,,4.19,41730.95
2011-12-31 00:00:00,,,4.6,131056.91
2012-01-01 00:00:00,,,5.1,109715.97
2012-01-02 00:00:00,,,5.21,69590.26
2012-01-03 00:00:00,,,4.95,126201.41
2012-01-04 00:00:00,,,5.25,132302.61
2012-01-05 00:00:00,,,6.2,184803.98
2012-01-06 00:00:00,,,6.79,220874.48
2012-01-07 00:00:00,,,6.72,48824.63
2012-01-08 00:00:00,,,7.03,59204.52
2012-01-09 00:00:00,,,6.47,149622.35
2012-01-10 00:00:00,,,6.4,110797.84
2012-01-11 00:00:00,,,6.81,100713.58
2012-01-12 00:00:00,,,6.74,141157.89
2012-01-13 00:00:00,,,6.61,61030.15
2012-01-14 00:00:00,,,6.59,142982.47
2012-01-15 00:00:00,,,6.9,62699
2012-01-16 00:00:00,,,6.83,123869.49
2012-01-17 00:00:00,,,6.04,214178.93
2012-01-18 00:00:00,,,5.98,227363.99
2012-01-19 00:00:00,,,6.18,115458.7
2012-01-20 00:00:00,,,6.44,67356.71
2012-01-21 00:00:00,,,6.29,65100.95
2012-01-22 00:00:00,,,6.29,45282.24
2012-01-23 00:00:00,,,6.29,18596.26
2012-01-24 00:00:00,,,6.3,36081.52
2012-01-25 00:00:00,,,5.88,133966.24
2012-01-26 00:00:00,,,5.59,124483.63
2012-01-27 00:00:00,,,5.29,117072.29
2012-01-28 00:00:00,,,5.57,90550.07
2012-01-29 00:00:00,,,5.48,47093.57
2012-01-30 00:00:00,,,5.51,42757.95
2012-01-31 00:00:00,,,5.53,49164.86
2012-02-01 00:00:00,,,5.82,116746.22
2012-02-02 00:00:00,,,6.03,55553.16
2012-02-03 00:00:00,,,5.92,60462.79
2012-02-04 00:00:00,,,5.92,21085.53
2012-02-05 00:00:00,,,5.68,121375.76
2012-02-06 00:00:00,,,5.55,90794.3
2012-02-07 00:00:00,,,5.62,73672.9
2012-02-08 00:00:00,,,5.64,239256.37
2012-02-09 00:00:00,,,5.75,91046.61
2012-02-10 00:00:00,,,5.87,40471.4
2012-02-11 00:00:00,,,5.7,70863.96
2012-02-12 00:00:00,,,5.6,83126.79
2012-02-13 00:00:00,,,5.34,171158.03
2012-02-14 00:00:00,,,4.7,299210.01
2012-02-15 00:00:00,,,4.58,162859.25
2012-02-16 00:00:00,,,4.19,167515.15
2012-02-17 00:00:00,,,4.46,137178.35
2012-02-18 00:00:00,,,4.27,71150.88
2012-02-19 00:00:00,,,4.35,63161.55
2012-02-20 00:00:00,,,4.37,39136.55
2012-02-21 00:00:00,,,4.31,53194.52
2012-02-22 00:00:00,,,4.44,105451.97
2012-02-23 00:00:00,,,4.82,166366.72
2012-02-24 00:00:00,,,4.97,91451.54
2012-02-25 00:00:00,,,4.88,86781.01
2012-02-26 00:00:00,,,4.95,71192.69
2012-02-27 00:00:00,,,4.93,31086.06
2012-02-28 00:00:00,,,4.87,64203.91
2012-02-29 00:00:00,,,4.82,28961.23
2012-03-01 00:00:00,,,4.92,46227.35
2012-03-02 00:00:00,,,4.69,131794.73
2012-03-03 00:00:00,,,4.67,41061.89
2012-03-04 00:00:00,,,4.8,59641.4
2012-03-05 00:00:00,,,4.93,68645.8
2012-03-06 00:00:00,,,4.97,46425.13
2012-03-07 00:00:00,,,4.92,48072.34
2012-03-08 00:00:00,,,4.87,59191.1
2012-03-09 00:00:00,,,4.89,34399.55
2012-03-10 00:00:00,,,4.8,29747.44
2012-03-11 00:00:00,,,4.89,44034.84
2012-03-12 00:00:00,,,4.87,24334.29
2012-03-13 00:00:00,,,5.15,131788.79
2012-03-14 00:00:00,,,5.35,66557.18
2012-03-15 00:00:00,,,5.3,44431.88
2012-03-16 00:00:00,,,5.33,34279.84
2012-03-17 00:00:00,,,5.31,40292.56
2012-03-18 00:00:00,,,5.22,26124.69
2012-03-19 00:00:00,,,4.88,191687.46
2012-03-20 00:00:00,,,4.79,68414.9
2012-03-21 00:00:00,,,4.81,48284.29
2012-03-22 00:00:00,,,4.75,62474.51
2012-03-23 00:00:00,,,4.69,56575.33
2012-03-24 00:00:00,,,4.65,40124.4
2012-03-25 00:00:00,,,4.5,73543.36
2012-03-26 00:00:00,,,4.64,72253.66
2012-03-27 00:00:00,,,4.66,77518.59
2012-03-28 00:00:00,,,4.79,39295.33
2012-03-29 00:00:00,,,4.73,43595.84
2012-03-30 00:00:00,,,4.77,44664.89
2012-03-31 00:00:00,,,4.88,37531.15
2012-04-01 00:00:00,,,4.78,38084.05
2012-04-02 00:00:00,,,4.92,87369.1
2012-04-03 00:00:00,,,4.9,80447.8
2012-04-04 00:00:00,,,4.91,57336.28
2012-04-05 00:00:00,,,4.9,38277.52
2012-04-06 00:00:00,,,4.93,62942.73
2012-04-07 00:00:00,,,4.8,84456.12
2012-04-08 00:00:00,,,4.71,44932.46
2012-04-09 00:00:00,,,4.75,43886.22
2012-04-10 00:00:00,,,4.8,61971.73
2012-04-11 00:00:00,,,4.88,71299.88
2012-04-12 00:00:00,,,4.86,56477.15
2012-04-13 00:00:00,,,4.85,102566.45
2012-04-14 00:00:00,,,4.97,68489.72
2012-04-15 00:00:00,,,4.92,34633.22
2012-04-16 00:00:00,,,4.91,42116.87
2012-04-17 00:00:00,,,4.95,33894.46
2012-04-18 00:00:00,,,5.07,86727.91
2012-04-19 00:00:00,,,5.13,56162.11
2012-04-20 00:00:00,,,5.22,111485.44
2012-04-21 00:00:00,,,5.27,63914.19
2012-04-22 00:00:00,,,5.18,39302.21
2012-04-23 00:00:00,,,5.12,54538.37
2012-04-24 00:00:00,,,5.06,81969.36
2012-04-25 00:00:00,,,5.12,39131.01
2012-04-26 00:00:00,,,5.07,64780.5
2012-04-27 00:00:00,,,5.07,28907.87
2012-04-28 00:00:00,,,4.96,95364.25
2012-04-29 00:00:00,,,4.94,23229.31
2012-04-30 00:00:00,,,4.94,59158.68
2012-05-01 00:00:00,,,4.96,38468
2012-05-02 00:00:00,,,5.07,104859.74
2012-05-03 00:00:00,,,5.08,40204.15
2012-05-04 00:00:00,,,5.11,48139.82
2012-05-05 00:00:00,,,5.04,24771.14
2012-05-06 00:00:00,,,5.04,23482.3
2012-05-07 00:00:00,,,5.03,50476.44
2012-05-08 00:00:00,,,5.02,72979.72
2012-05-09 00:00:00,,,5.04,44314.25
2012-05-10 00:00:00,,,4.95,78061.25
2012-05-11 00:00:00,,,4.92,70556.8
2012-05-12 00:00:00,,,4.94,25803.42
2012-05-13 00:00:00,,,4.95,16229.36
2012-05-14 00:00:00,,,4.98,57834.77
2012-05-15 00:00:00,,,4.99,54264.45
2012-05-16 00:00:00,,,5.06,75923.36
2012-05-17 00:00:00,,,5.07,30047.27
2012-05-18 00:00:00,,,5.09,57383.59
2012-05-19 00:00:00,,,5.09,26725.79
2012-05-20 00:00:00,,,5.1,21998.3
2012-05-21 00:00:00,,,5.07,44937.69
2012-05-22 00:00:00,,,5.07,49853.61
2012-05-23 00:00:00,,,5.12,58979.29
2012-05-24 00:00:00,,,5.11,32712.16
2012-05-25 00:00:00,,,5.1,29328.53
2012-05-26 00:00:00,,,5.09,23228.41
2012-05-27 00:00:00,,,5.08,21810.05
2012-05-28 00:00:00,,,5.11,32343.98
2012-05-29 00:00:00,,,5.1,66644.92
2012-05-30 00:00:00,,,5.13,44846.12
2012-05-31 00:00:00,,,5.15,44661.34
2012-06-01 00:00:00,,,5.23,50232.96
2012-06-02 00:00:00,,,5.21,20113.96
2012-06-03 00:00:00,,,5.19,16266.07
2012-06-04 00:00:00,,,5.23,54323.51
2012-06-05 00:00:00,,,5.38,90656.65
2012-06-06 00:00:00,,,5.43,45219.39
2012-06-07 00:00:00,,,5.49,54470.68
2012-06-08 00:00:00,,,5.61,61181.09
2012-06-09 00:00:00,,,5.57,44492.86
2012-06-10 00:00:00,,,5.46,32005.42
2012-06-11 00:00:00,,,5.49,47167.89
2012-06-12 00:00:00,,,5.62,93311.58
2012-06-13 00:00:00,,,5.85,64507.92
2012-06-14 00:00:00,,,5.88,44520.73
2012-06-15 00:00:00,,,6.1,73004.44
2012-06-16 00:00:00,,,6.45,90218.81
2012-06-17 00:00:00,,,6.31,54035.76
2012-06-18 00:00:00,,,6.26,51429.69
2012-06-19 00:00:00,,,6.43,48431.62
2012-06-20 00:00:00,,,6.6,71171.79
2012-06-21 00:00:00,,,6.68,54898.3
2012-06-22 00:00:00,,,6.58,60850.21
2012-06-23 00:00:00,,,6.48,25262.29
2012-06-24 00:00:00,,,6.38,40691.77
2012-06-25 00:00:00,,,6.3,71616.14
2012-06-26 00:00:00,,,6.38,57115.29
2012-06-27 00:00:00,,,6.52,58209.52
2012-06-28 00:00:00,,,6.56,49106.69
2012-06-29 00:00:00,,,6.59,38683.2
2012-06-30 00:00:00,,,6.64,27561.15
2012-07-01 00:00:00,,,6.6,25330.1
2012-07-02 00:00:00,,,6.68,43933.47
2012-07-03 00:00:00,,,6.55,76599.93
2012-07-04 00:00:00,,,6.5,38970.5
2012-07-05 00:00:00,,,6.64,50333.45
2012-07-06 00:00:00,,,6.63,47667.23
2012-07-07 00:00:00,,,6.76,42251.16
2012-07-08 00:00:00,,,6.77,21116.88
2012-07-09 00:00:00,,,6.86,73697.58
2012-07-10 00:00:00,,,7.09,77769.99
2012-07-11 00:00:00,,,7.1,44687.51
2012-07-12 00:00:00,,,7.28,70243.04
2012-07-13 00:00:00,,,7.63,69318.06
2012-07-14 00:00:00,,,7.59,17583.27
2012-07-15 00:00:00,,,7.57,29043.65
2012-07-16 00:00:00,,,8.05,111331.33
2012-07-17 00:00:00,,,8.33,219914.13
2012-07-18 00:00:00,,,9,115863.21
2012-07-19 00:00:00,,,9.08,53925.27
2012-07-20 00:00:00,,,8.2,159917.65
2012-07-21 00:00:00,,,8.87,144540.61
2012-07-22 00:00:00,,,8.61,32479.96
2012-07-23 00:00:00,,,8.46,156081.22
2012-07-24 00:00:00,,,8.61,45954.35
2012-07-25 00:00:00,,,8.58,69053.13
2012-07-26 00:00:00,,,8.75,35892.42
2012-07-27 00:00:00,,,8.88,28979.01
2012-07-28 00:00:00,,,8.85,18784.9
2012-07-29 00:00:00,,,8.76,13047.72
2012-07-30 00:00:00,,,8.92,58025.42
2012-07-31 00:00:00,,,9.24,72372.2
2012-08-01 00:00:00,,,9.4,77790.61
2012-08-02 00:00:00,,,10.1,133500.85
2012-08-03 00:00:00,,,10.71,68492.76
2012-08-04 00:00:00,,,10.99,56356.48
2012-08-05 00:00:00,,,10.6,74893.19
2012-08-06 00:00:00,,,10.87,58822.31
2012-08-07 00:00:00,,,10.81,49110.5
2012-08-08 00:00:00,,,11.01,36054.13
2012-08-09 00:00:00,,,11.32,110042.08
2012-08-10 00:00:00,,,11.37,73648.72
2012-08-11 00:00:00,,,11.49,23214.23
2012-08-12 00:00:00,,,11.62,33231.76
2012-08-13 00:00:00,,,11.75,64277.98
2012-08-14 00:00:00,,,12.08,48977.86
2012-08-15 00:00:00,,,12.6,63282.19
2012-08-16 00:00:00,,,13.22,103915.27
2012-08-17 00:00:00,,,13.31,235650.61
2012-08-18 00:00:00,,,11.86,92818.45
2012-08-19 00:00:00,,,9.09,249729.48
2012-08-20 00:00:00,,,9.51,204044.64
2012-08-21 00:00:00,,,10.03,78668.01
2012-08-22 00:00:00,,,9.91,78584.19
2012-08-23 00:00:00,,,10,60424.94
2012-08-24 00:00:00,,,10.26,98993.86
2012-08-25 00:00:00,,,10.44,42241.23
2012-08-26 00:00:00,,,10.55,28418.87
2012-08-27 00:00:00,,,11.18,185233.96
2012-08-28 00:00:00,,,10.89,63646.47
2012-08-29 00:00:00,,,10.84,59451.87
2012-08-30 00:00:00,,,10.75,33838.4
2012-08-31 00:00:00,,,10.19,72571.66
2012-09-01 00:00:00,,,9.99,25437.8
2012-09-02 00:00:00,,,10.04,27734.48
2012-09-03 00:00:00,,,10.34,25474.93
2012-09-04 00:00:00,,,10.3,38972.25
2012-09-05 00:00:00,,,10.73,65899.54
2012-09-06 00:00:00,,,10.94,74206.45
2012-09-07 00:00:00,,,11.1,39152.61
2012-09-08 00:00:00,,,10.97,28322.97
2012-09-09 00:00:00,,,11.03,16380.47
2012-09-10 00:00:00,,,11.03,47204.29
2012-09-11 00:00:00,,,11.08,75121.59
2012-09-12 00:00:00,,,11.19,64111.18
2012-09-13 00:00:00,,,11.33,24141.76
2012-09-14 00:00:00,,,11.56,48362.47
2012-09-15 00:00:00,,,11.69,17872.55
2012-09-16 00:00:00,,,11.86,33453.18
2012-09-17 00:00:00,,,11.86,32445.04
2012-09-18 00:00:00,,,12.03,48650.96
2012-09-19 00:00:00,,,12.39,46488.63
2012-09-20 00:00:00,,,12.47,36550.42
2012-09-21 00:00:00,,,12.26,39632.85
2012-09-22 00:00:00,,,12.2,16883.95
2012-09-23 00:00:00,,,11.99,43087.01
2012-09-24 00:00:00,,,12.06,34894
2012-09-25 00:00:00,,,12.06,26572.57
2012-09-26 00:00:00,,,12.19,28237.39
2012-09-27 00:00:00,,,12.27,25350.73
2012-09-28 00:00:00,,,12.3,32460.78
2012-09-29 00:00:00,,,12.36,20366.46
2012-09-30 00:00:00,,,12.35,8988.13
2012-10-01 00:00:00,,,12.28,34870.12
2012-10-02 00:00:00,,,12.56,64776.82
2012-10-03 00:00:00,,,12.75,45955.38
2012-10-04 00:00:00,,,12.84,45182.37
2012-10-05 00:00:00,,,12.68,38600.62
2012-10-06 00:00:00,,,12.56,27373.05
2012-10-07 00:00:00,,,12.01,69334.49
2012-10-08 00:00:00,,,11.25,104904.54
2012-10-09 00:00:00,,,11.97,51277.94
2012-10-10 00:00:00,,,12.01,34123.19
2012-10-11 00:00:00,,,12,24797.92
2012-10-12 00:00:00,,,12.03,24497.5
2012-10-13 00:00:00,,,11.88,17933.5
2012-10-14 00:00:00,,,11.82,25397.74
2012-10-15 00:00:00,,,11.68,33192.16
2012-10-16 00:00:00,,,11.78,43937.75
2012-10-17 00:00:00,,,11.83,28917.74
2012-10-18 00:00:00,,,11.85,25350.12
2012-10-19 00:00:00,,,11.73,35461.38
2012-10-20 00:00:00,,,11.69,25415.8
2012-10-21 00:00:00,,,11.61,13272.01
2012-10-22 00:00:00,,,11.65,44351.68
2012-10-23 00:00:00,,,11.69,61934.65
2012-10-24 00:00:00,,,11.62,27142.88
2012-10-25 00:00:00,,,11.02,92861.45
2012-10-26 00:00:00,,,10.28,106642.45
2012-10-27 00:00:00,,,10.35,51384.62
2012-10-28 00:00:00,,,10.53,25587.27
2012-10-29 00:00:00,,,10.61,44750.23
2012-10-30 00:00:00,,,10.7,33111.96
2012-10-31 00:00:00,,,10.99,46251.5
2012-11-01 00:00:00,,,10.92,55264.75
2012-11-02 00:00:00,,,10.54,32224.55
2012-11-03 00:00:00,,,10.48,23415.75
2012-11-04 00:00:00,,,10.55,24983.78
2012-11-05 00:00:00,,,10.63,34120.42
2012-11-06 00:00:00,,,10.76,33778.21
2012-11-07 00:00:00,,,10.92,39218.3
2012-11-08 00:00:00,,,10.85,33039.05
2012-11-09 00:00:00,,,10.81,19607.82
2012-11-10 00:00:00,,,10.83,15512.98
2012-11-11 00:00:00,,,10.72,17455
2012-11-12 00:00:00,,,10.93,47678.8
2012-11-13 00:00:00,,,10.95,22279.24
2012-11-14 00:00:00,,,10.93,27473.31
2012-11-15 00:00:00,,,11.04,37641.72
2012-11-16 00:00:00,,,11.44,71109.72
2012-11-17 00:00:00,,,11.64,22861.43
2012-11-18 00:00:00,,,11.68,19002.6
2012-11-19 00:00:00,,,11.67,34362.57
2012-11-20 00:00:00,,,11.68,31729.4
2012-11-21 00:00:00,,,11.69,24904.22
2012-11-22 00:00:00,,,12.03,72827.06
2012-11-23 00:00:00,,,12.25,23456.66
2012-11-24 00:00:00,,,12.34,22289.96
2012-11-25 00:00:00,,,12.46,27182.54
2012-11-26 00:00:00,,,12.34,42345.29
2012-11-27 00:00:00,,,12.07,42522.06
2012-11-28 00:00:00,,,12.25,37384.25
2012-11-29 00:00:00,,,12.39,33220.13
2012-11-30 00:00:00,,,12.51,29914.19
2012-12-01 00:00:00,,,12.53,18864.06
2012-12-02 00:00:00,,,12.51,17544.52
2012-12-03 00:00:00,,,12.52,35479.17
2012-12-04 00:00:00,,,12.98,72189.04
2012-12-05 00:00:00,,,13.25,35903
2012-12-06 00:00:00,,,13.37,53775.91
2012-12-07 00:00:00,,,13.32,42176.21
2012-12-08 00:00:00,,,13.43,15035.46
2012-12-09 00:00:00,,,13.22,31278.72
2012-12-10 00:00:00,,,13.36,34636.18
2012-12-11 00:00:00,,,13.47,32268.06
2012-12-12 00:00:00,,,13.57,43791.71
2012-12-13 00:00:00,,,13.62,31077.61
2012-12-14 00:00:00,,,13.57,77911.06
2012-12-15 00:00:00,,,13.51,17542.09
2012-12-16 00:00:00,,,13.35,46291.31
2012-12-17 00:00:00,,,13.18,73051.61
2012-12-18 00:00:00,,,13.2,29564
2012-12-19 00:00:00,,,13.34,47991.84
2012-12-20 00:00:00,,,13.45,41102.42
2012-12-21 00:00:00,,,13.45,31065.18
2012-12-22 00:00:00,,,13.36,18573.4
2012-12-23 00:00:00,,,13.21,25849.15
2012-12-24 00:00:00,,,13.34,19562.39
2012-12-25 00:00:00,,,13.29,15642.04
2012-12-26 00:00:00,,,13.3,19006.14
2012-12-27 00:00:00,,,13.32,24556.32
2012-12-28 00:00:00,,,13.38,30944.49
2012-12-29 00:00:00,,,13.47,27808.65
2012-12-30 00:00:00,,,13.41,13857.1
2012-12-31 00:00:00,,,13.44,17896.89
2013-01-01 00:00:00,,,13.31,31853.98
2013-01-02 00:00:00,,,13.29,20312.5
2013-01-03 00:00:00,,,13.32,22633.92
2013-01-04 00:00:00,,,13.38,34171.37
2013-01-05 00:00:00,,,13.38,27169.79
2013-01-06 00:00:00,,,13.42,14226.85
2013-01-07 00:00:00,,,13.44,32428.79
2013-01-08 00:00:00,,,13.66,52160.01
2013-01-09 00:00:00,,,13.69,35185.69
2013-01-10 00:00:00,,,14.02,60055.16
2013-01-11 00:00:00,,,14.1,44371.21
2013-01-12 00:00:00,,,14.15,30051.71
2013-01-13 00:00:00,,,14.09,41193.78
2013-01-14 00:00:00,,,14.19,28206.93
2013-01-15 00:00:00,,,14.19,58576.77
2013-01-16 00:00:00,,,14.49,53760.72
2013-01-17 00:00:00,,,15.14,73812.04
2013-01-18 00:00:00,,,15.64,65803.2
2013-01-19 00:00:00,,,15.45,37437.3
2013-01-20 00:00:00,,,15.67,30272.25
2013-01-21 00:00:00,,,16.35,75081.41
2013-01-22 00:00:00,,,17.13,68353.86
2013-01-23 00:00:00,,,17.2,58029.56
2013-01-24 00:00:00,,,17.77,196388.19
2013-01-25 00:00:00,,,16.69,89204.88
2013-01-26 00:00:00,,,17.13,39107.78
2013-01-27 00:00:00,,,17.57,30029.41
2013-01-28 00:00:00,,,18.29,66002.95
2013-01-29 00:00:00,,,19.14,98623.96
2013-01-30 00:00:00,,,19.43,50809.65
2013-01-31 00:00:00,,,20.53,110063.46
2013-02-01 00:00:00,,,20.7,56241.42
2013-02-02 00:00:00,,,19.48,88436.87
2013-02-03 00:00:00,,,20.22,39662.34
2013-02-04 00:00:00,,,20.41,58735.06
2013-02-05 00:00:00,,,20.53,33855.04
2013-02-06 00:00:00,,,21.04,59688.86
2013-02-07 00:00:00,,,21.55,73905.38
2013-02-08 00:00:00,,,22.4,53216.59
2013-02-09 00:00:00,,,23.19,42377.2
2013-02-10 00:00:00,,,23.41,60795.35
2013-02-11 00:00:00,,,24.04,35954.71
2013-02-12 00:00:00,,,25.06,86860.84
2013-02-13 00:00:00,,,25.47,97711.36
2013-02-14 00:00:00,,,25.41,162321.04
2013-02-15 00:00:00,,,26.95,58499.74
2013-02-16 00:00:00,,,27.07,24540.34
2013-02-17 00:00:00,,,26.38,87142.75
2013-02-18 00:00:00,,,26.73,34429.7
2013-02-19 00:00:00,,,28.18,112747.46
2013-02-20 00:00:00,,,29.47,42609.44
2013-02-21 00:00:00,,,29.68,40153.53
2013-02-22 00:00:00,,,30.44,76379.26
2013-02-23 00:00:00,,,28.97,80200.86
2013-02-24 00:00:00,,,29.75,26618.85
2013-02-25 00:00:00,,,30.04,29653.38
2013-02-26 00:00:00,,,30.95,49485.72
2013-02-27 00:00:00,,,31.08,37887.46
2013-02-28 00:00:00,,,32.67,138125.89
2013-03-01 00:00:00,,,34.19,45365.71
2013-03-02 00:00:00,,,33.86,39788.04
2013-03-03 00:00:00,,,34.01,14788.04
2013-03-04 00:00:00,,,35.29,57204.62
2013-03-05 00:00:00,,,39.28,95428.74
2013-03-06 00:00:00,,,45.18,141609.11
2013-03-07 00:00:00,,,40.87,178461.07
2013-03-08 00:00:00,,,43.08,52731.55
2013-03-09 00:00:00,,,45.28,50008.93
2013-03-10 00:00:00,,,46.69,40086.8
2013-03-11 00:00:00,,,47.41,48474.26
2013-03-12 00:00:00,,,43.65,201142.18
2013-03-13 00:00:00,,,46.16,57816.08
2013-03-14 00:00:00,,,47.08,43657.33
2013-03-15 00:00:00,,,46.68,23820.41
2013-03-16 00:00:00,,,46.52,19493.93
2013-03-17 00:00:00,,,46.85,17862.61
2013-03-18 00:00:00,,,48.63,77088.62
2013-03-19 00:00:00,,,55.13,129661.05
2013-03-20 00:00:00,,,61.85,105618.69
2013-03-21 00:00:00,,,68.89,111903.98
2013-03-22 00:00:00,,,70.45,83401.32
2013-03-23 00:00:00,,,62.5,168065.43
2013-03-24 00:00:00,,,68.62,48755.53
2013-03-25 00:00:00,,,74.02,91673.15
2013-03-26 00:00:00,,,77.23,67194.66
2013-03-27 00:00:00,,,84.86,83382.56
2013-03-28 00:00:00,,,87.49,160136.7
2013-03-29 00:00:00,,,88.81,92719.81
2013-03-30 00:00:00,,,91.55,41577.77
2013-03-31 00:00:00,,,92.59,24755.36
2013-04-01 00:00:00,,,99.53,106952.72
2013-04-02 00:00:00,,,107.26,98947.44
2013-04-03 00:00:00,,,127.86,186715.45
2013-04-04 00:00:00,,,131.07,102388.61
2013-04-05 00:00:00,,,138.43,83915.14
2013-04-06 00:00:00,,,140.64,27491.06
2013-04-07 00:00:00,,,152.79,76530.37
2013-04-08 00:00:00,,,180.39,139433.88
2013-04-09 00:00:00,,,213.72,127331.55
2013-04-10 00:00:00,,,181.66,257543.79
2013-04-11 00:00:00,,,131.95,218886.18
2013-04-12 00:00:00,,,84.59,659349.51
2013-04-13 00:00:00,,,108.55,287902.09
2013-04-14 00:00:00,,,97.19,187043.01
2013-04-15 00:00:00,,,86.91,286922.12
2013-04-16 00:00:00,,,65.39,668549.18
2013-04-17 00:00:00,,,84.85,396386.46
2013-04-18 00:00:00,,,96.78,208772.7
2013-04-19 00:00:00,,,118.46,315048.39
2013-04-20 00:00:00,,,122.9,91508.55
2013-04-21 00:00:00,,,119.29,136283.87
2013-04-22 00:00:00,,,121.95,74864.49
2013-04-23 00:00:00,,,132.85,143728.1
2013-04-24 00:00:00,,,150.41,275135.75
2013-04-25 00:00:00,,,142.61,225732
2013-04-26 00:00:00,,,131.75,156197.3
2013-04-27 00:00:00,,,130.5,75215.8
2013-04-28 00:00:00,,,132.3,37734.27
2013-04-29 00:00:00,,,141.03,91371.08
2013-04-30 00:00:00,,,138.98,82894.47
2013-05-01 00:00:00,,,120.87,225293.59
2013-05-02 00:00:00,,,106.65,287744.21
2013-05-03 00:00:00,,,91.35,306215.37
2013-05-04 00:00:00,,,106.64,170565.04
2013-05-05 00:00:00,,,113.48,102653.46
2013-05-06 00:00:00,,,117.03,183629.07
2013-05-07 00:00:00,,,106.63,171517.12
2013-05-08 00:00:00,,,112.94,77523.07
2013-05-09 00:00:00,,,111.15,37593.99
2013-05-10 00:00:00,,,117.3,96380.03
2013-05-11 00:00:00,,,115.24,35699.94
2013-05-12 00:00:00,,,114.25,26969.05
2013-05-13 00:00:00,,,116.34,34113.79
2013-05-14 00:00:00,,,114.33,107436.99
2013-05-15 00:00:00,,,109.6,141461.11
2013-05-16 00:00:00,,,114.23,56914.72
2013-05-17 00:00:00,,,119.9,97045.1
2013-05-18 00:00:00,,,121.96,29456.47
2013-05-19 00:00:00,,,120.08,28457.9
2013-05-20 00:00:00,,,120.47,24287.85
2013-05-21 00:00:00,,,120.06,20873.61
2013-05-22 00:00:00,,,120.96,29564.88
2013-05-23 00:00:00,,,123.55,35215.72
2013-05-24 00:00:00,,,128.8,68705.96
2013-05-25 00:00:00,,,129.9,25080.39
2013-05-26 00:00:00,,,132.96,30120.69
2013-05-27 00:00:00,,,128.94,59002.65
2013-05-28 00:00:00,,,127.18,32154.11
2013-05-29 00:00:00,,,129.37,32147.57
2013-05-30 00:00:00,,,129.11,37663.43
2013-05-31 00:00:00,,,127.95,24090.49
2013-06-01 00:00:00,,,128.1,11267.32
2013-06-02 00:00:00,,,121.94,123928.63
2013-06-03 00:00:00,,,119.12,42772.89
2013-06-04 00:00:00,,,120.9,33315.41
2013-06-05 00:00:00,,,121.11,24405.15
2013-06-06 00:00:00,,,119.73,28975.87
2013-06-07 00:00:00,,,112.35,92399.83
2013-06-08 00:00:00,,,109.07,27044.26
2013-06-09 00:00:00,,,98,196833.56
2013-06-10 00:00:00,,,104.68,85067.77
2013-06-11 00:00:00,,,106.83,24965.08
2013-06-12 00:00:00,,,108.85,29365.16
2013-06-13 00:00:00,,,105.08,43700.99
2013-06-14 00:00:00,,,100.54,51765.6
2013-06-15 00:00:00,,,100.38,29365.04
2013-06-16 00:00:00,,,99.92,13401.97
2013-06-17 00:00:00,,,100.72,21984.87
2013-06-18 00:00:00,,,106.87,78856.12
2013-06-19 00:00:00,,,106.95,27099.22
2013-06-20 00:00:00,,,110.04,56288.06
2013-06-21 00:00:00,,,108.13,56816.04
2013-06-22 00:00:00,,,105.02,15586.35
2013-06-23 00:00:00,,,104.93,17227.4
2013-06-24 00:00:00,,,101.35,45260.96
2013-06-25 00:00:00,,,103.65,103866.38
2013-06-26 00:00:00,,,102.27,19089.91
2013-06-27 00:00:00,,,100.59,21456.73
2013-06-28 00:00:00,,,95.06,72398.29
2013-06-29 00:00:00,,,95.08,33063.51
2013-06-30 00:00:00,,,94.26,13506.33
2013-07-01 00:00:00,,,89.03,85698.58
2013-07-02 00:00:00,,,88.13,45900.65
2013-07-03 00:00:00,,,82.75,103433.7
2013-07-04 00:00:00,,,77.9,98695.33
2013-07-05 00:00:00,,,70.82,140692.07
2013-07-06 00:00:00,,,69.05,65519.42
2013-07-07 00:00:00,,,70.26,54933.2
2013-07-08 00:00:00,,,76,86388.61
2013-07-09 00:00:00,,,74.49,54473.51
2013-07-10 00:00:00,,,81.09,96022.46
2013-07-11 00:00:00,,,86.41,59484.18
2013-07-12 00:00:00,,,95.07,147428.21
2013-07-13 00:00:00,,,91.8,46105.44
2013-07-14 00:00:00,,,93.97,19616.22
2013-07-15 00:00:00,,,96.51,52064.24
2013-07-16 00:00:00,,,95.2,28743.7
2013-07-17 00:00:00,,,95.32,27262.3
2013-07-18 00:00:00,,,88.31,87345.71
2013-07-19 00:00:00,,,89.65,38600.97
2013-07-20 00:00:00,,,89.09,15263.38
2013-07-21 00:00:00,,,87.78,13105.41
2013-07-22 00:00:00,,,88.33,18288.74
2013-07-23 00:00:00,,,90.9,40822.92
2013-07-24 00:00:00,,,91.07,25687.95
2013-07-25 00:00:00,,,93.4,35790.24
2013-07-26 00:00:00,,,93.13,20568.6
2013-07-27 00:00:00,,,92.72,20458.46
2013-07-28 00:00:00,,,96.84,52991.77
2013-07-29 00:00:00,,,97.5,38700.33
2013-07-30 00:00:00,,,100.15,42966.3
2013-07-31 00:00:00,,,104.48,69414.88
2013-08-01 00:00:00,,,101.46,25061.31
2013-08-02 00:00:00,,,101.33,46419.57
2013-08-03 00:00:00,,,100.24,14569.03
2013-08-04 00:00:00,,,100.79,10879.3
2013-08-05 00:00:00,,,101.91,28471.36
2013-08-06 00:00:00,,,102.11,24455.34
2013-08-07 00:00:00,,,100.82,16721.42
2013-08-08 00:00:00,,,99.23,43338.62
2013-08-09 00:00:00,,,97.51,25121.11
2013-08-10 00:00:00,,,96.99,8911.43
2013-08-11 00:00:00,,,100.37,12519.09
2013-08-12 00:00:00,,,102.04,29121.04
2013-08-13 00:00:00,,,102.21,33031
2013-08-14 00:00:00,,,108.21,72480.15
2013-08-15 00:00:00,,,105.28,26917.83
2013-08-16 00:00:00,,,103.99,23846.62
2013-08-17 00:00:00,,,107.16,19071.91
2013-08-18 00:00:00,,,109.05,13373.43
2013-08-19 00:00:00,,,112.91,76343.18
2013-08-20 00:00:00,,,114.14,37158.65
2013-08-21 00:00:00,,,115.2,59210.74
2013-08-22 00:00:00,,,115.7,28463.42
2013-08-23 00:00:00,,,114.32,31221.96
2013-08-24 00:00:00,,,114.52,14653.33
2013-08-25 00:00:00,,,114.69,19954.85
2013-08-26 00:00:00,,,115.53,23949.59
2013-08-27 00:00:00,,,124.04,77800.87
2013-08-28 00:00:00,,,123.32,24815.3
2013-08-29 00:00:00,,,122.43,18865.07
2013-08-30 00:00:00,,,131.48,67461.78
2013-08-31 00:00:00,,,136.3,55761.55
2013-09-01 00:00:00,,,137.57,24668.12
2013-09-02 00:00:00,,,136.42,22802.17
2013-09-03 00:00:00,134.05,134.05,134.05,19437.14
2013-09-04 00:00:00,131.11,128,129.29,85410.78
2013-09-05 00:00:00,120.35,120.35,120.35,44792.71
2013-09-06 00:00:00,124.6,123.85,124.22,33377.3
2013-09-07 00:00:00,121.03,120.56,120.75,14262.01
2013-09-08 00:00:00,127.56,125.22,126.59,57222.03
2013-09-09 00:00:00,127.65,126.11,126.94,25354.35
2013-09-10 00:00:00,131.16,130.08,130.69,53157.14
2013-09-11 00:00:00,134.89,134.21,134.53,50670.6
2013-09-12 00:00:00,136.02,135.26,135.52,38311.19
2013-09-13 00:00:00,129.52,128.92,129.14,20949.7
2013-09-14 00:00:00,130.92,129.99,130.53,16089.19
2013-09-15 00:00:00,131.65,130.96,131.33,22227.68
2013-09-16 00:00:00,132.44,131.83,132.08,22774.02
2013-09-18 00:00:00,131.21,131.21,131.21,26711.27
2013-09-19 00:00:00,128.62,128.62,128.62,41562.83
2013-09-20 00:00:00,128.61,127.37,128.24,22850.23
2013-09-21 00:00:00,128.83,128.1,128.55,11417.9
2013-09-22 08:58:47,128.77,127.7,128.06,10628.17
2013-09-23 08:59:05,126.49,126.09,126.31,17558.1
2013-09-24 09:00:05,128.32,127.92,128.18,27631.77
2013-09-25 09:01:01,129.15,128.48,128.75,16530.79
2013-09-26 09:02:05,132.24,131.09,131.45,34038.96
2013-09-27 09:02:28,133.9,132.99,133.32,33382.66
2013-09-28 09:02:31,138.85,137.84,138.57,26714.24
2013-09-29 09:03:03,134.7,133.65,134.09,22006.41
2013-09-30 09:03:06,134.42,133.33,133.89,28514.51
2013-10-01 09:03:50,133.5,132.42,133.03,22718.9
2013-10-02 09:04:46,120.74,119.46,120.06,226914.21
2013-10-03 21:13:34,129.35,129.35,129.35,39464.33
2013-10-04 21:13:45,129.19,128.1,128.55,10802.91
2013-10-05 21:14:02,128.81,128.22,128.49,10040.79
2013-10-06 21:14:05,128.55,127.82,128.11,18644.37
2013-10-07 21:14:32,126.2,125.62,125.91,28096.35
2013-10-08 21:14:51,131.43,130.52,130.99,44948.46
2013-10-09 21:15:40,130.22,129.6,129.9,34144.61
2013-10-10 21:15:49,130.56,130.12,130.38,22165.88
2013-10-11 21:16:09,135.29,134.98,135.12,20943.53
2013-10-12 21:16:16,137.37,136.78,137.08,29829.71
2013-10-13 21:17:09,140.09,139.14,139.51,74916.35
2013-10-14 21:17:38,145.04,144.09,144.47,42628.21
2013-10-15 21:18:07,144.43,142.52,143.64,103192.23
2013-10-16 21:18:21,146.38,145.31,145.91,62348.49
2013-10-17 21:18:38,155.37,154.56,155.01,74351.37
2013-10-18 21:18:50,170.31,167.31,168.86,114807.53
2013-10-19 21:18:59,173.67,171.8,172.73,23938.37
2013-10-20 21:19:52,183.47,181.39,182.4,68448.07
2013-10-21 21:20:09,192.07,190.47,191.33,92232.28
2013-10-22 21:20:58,210.54,208.43,209.45,84204.17
2013-10-23 21:21:52,196.93,189.98,194.62,193890.28
2013-10-24 21:22:22,182.73,179.72,181.1,109426.17
2013-10-25 21:22:46,177.1,175.49,176.29,57916.09
2013-10-26 21:23:10,194.62,192.7,193.52,35146.36
2013-10-28 08:26:51,200.07,200.07,200.07,28493.26
2013-10-29 08:27:08,203.21,201.39,202.44,42501.5
2013-10-30 08:27:19,201.34,198.88,200.79,41369.6
2013-10-31 08:28:02,204.76,202.73,203.94,23644.71
2013-11-01 09:23:47,206.72,206.72,206.72,15064.62
2013-11-02 09:23:50,206.19,205.36,205.83,13422.34
2013-11-03 09:24:48,216.1,215.14,215.62,41493.4
2013-11-04 09:25:29,231.73,229.86,230.78,80070.86
2013-11-05 09:25:34,256.89,252.86,255.44,147146.68
2013-11-06 09:25:42,295.43,272.09,287.71,147248.8
2013-11-07 09:25:59,316.14,309.36,312.74,155413.28
2013-11-08 09:26:46,356.04,340.16,346.52,138789.22
2013-11-09 09:26:52,332.65,318.72,325.83,192155.86
2013-11-10 09:30:21,334.8,328.44,331.3,112161.91
2013-11-11 09:30:37,357.73,352.66,354.66,65959.83
2013-11-12 09:30:39,372.21,369.35,370.9,69252.37
2013-11-13 09:31:35,418.34,412.33,416.68,127250.03
2013-11-14 09:31:53,426.01,418.78,420.77,67524.83
2013-11-15 09:32:32,433.4,430.08,431.69,93530.82
2013-11-16 09:32:38,471.43,465.26,469.78,61575.13
2013-11-17 09:33:35,573.54,510.55,548.26,135794.76
2013-11-18 09:34:40,710.2,648.82,685.75,256530.82
2013-11-19 09:35:07,499.25,488.5,494.68,247274.82
2013-11-20 09:35:16,647.51,635.11,641.23,173925.71
2013-11-21 09:35:27,716.36,700.4,707.05,114468.26
2013-11-22 09:35:57,837.29,802.9,825.75,88121.34
2013-11-23 09:36:26,752.87,736.31,744.89,87719.58
2013-11-24 09:37:20,799.85,788.09,793.33,53279.88
2013-11-25 09:38:15,836.26,830.47,833.38,84248.95
2013-11-26 09:38:30,916.97,909.3,913.95,100421.91
2013-11-27 09:39:16,985.67,970.75,978.51,109643.99
2013-11-28 09:39:56,1081.77,1063.37,1072.83,124035.72
2013-11-29 09:40:10,1135.45,1129.37,1132.26,72867.05
2013-11-30 09:41:02,1084.86,1060.16,1075.16,72943.81
2013-12-01 09:41:06,1029.02,1000.01,1019.95,199731.84
2013-12-02 09:41:30,1067.27,1036.8,1047.96,80979.68
2013-12-03 09:42:23,1104.24,1094.94,1099.04,45625.03
2013-12-04 09:42:55,1049.22,947.11,999.66,101170.67
2013-12-05 09:43:06,1030.76,1016.6,1022.37,160181.89
2013-12-06 10:17:57,654.74,654.74,654.74,303160.89
2013-12-07 10:18:29,789.57,759.43,773.43,178798.02
2013-12-08 10:19:17,901.72,891.79,897.01,124223.05
2013-12-09 10:19:38,928.08,915.64,921.97,70705.81
2013-12-10 10:20:06,957.64,887.48,937.26,78426.99
2013-12-11 10:20:11,877.7,867.1,872.32,72343.9
2013-12-12 10:21:04,942.32,922.39,930.74,49790.52
2013-12-13 10:21:28,892.03,867.48,877.83,41211.04
2013-12-14 10:22:06,840.64,832.9,836.09,39810.82
2013-12-15 10:23:00,848.39,830.38,839.93,39443.16
2013-12-16 10:23:34,714.28,694.12,706.34,244756.57
2013-12-17 10:24:17,539.33,469.48,510.37,235283.75
2013-12-18 10:24:21,622.07,604.2,613.76,301117.78
2013-12-19 10:24:26,718.24,688.8,700.52,159920.18
2013-12-20 10:25:14,623.34,613.34,618.86,112141.93
2013-12-21 10:25:36,668.01,639.23,655.24,66668.62
2013-12-22 10:26:08,642.64,637.86,640.85,46897.3
2013-12-23 10:27:02,670.09,663.05,666.12,44987.34
2013-12-24 10:27:34,674.56,671.16,672.89,33220.44
2013-12-25 10:28:26,724.05,714.79,719.59,41444.95
2013-12-26 10:29:11,757.23,741.56,752.38,84710.63
2013-12-27 10:29:44,736.92,731.41,734.4,49976.62
2013-12-28 10:29:55,728.46,719.65,722.38,37859.22
2013-12-29 10:30:32,752.64,747.91,750.57,30801.12
2013-12-30 10:31:14,751.67,746.08,748.49,26426.36
2013-12-31 12:33:48,764.27,764.27,764.27,36325.63
2014-01-01 12:34:32,781.35,768.8,772.53,19297.95
2014-01-02 12:34:55,825.68,819.3,822.89,61518.38
2014-01-03 12:34:58,823.27,818.96,821.99,36000.73
2014-01-04 12:35:06,872.62,861.02,867.79,48393.86
2014-01-05 12:35:50,998.81,968.9,985.68,96038.26
2014-01-06 12:35:53,929.15,903.3,921.75,75467.1
2014-01-07 12:35:58,863.63,852.22,859.49,128116.85
2014-01-08 12:36:53,843.47,834.34,839.62,53781.12
2014-01-09 12:37:27,838.29,834.76,837.04,62614.05
2014-01-10 12:37:59,921.66,904.86,912.61,54529.02
2014-01-11 12:38:10,873.99,860.82,865.96,39706.11
2014-01-12 12:38:12,836.64,831.36,834.12,44586.99
2014-01-13 00:00:04,849.96,840.2,844.98,54144.11
2014-01-14 00:00:00,841.38,833.27,835.78,24985.16
2014-01-15 00:00:08,865.77,859.96,862.07,32649.46
2014-01-16 00:00:07,841.59,834.49,838.21,23002.56
2014-01-17 00:00:10,820.49,809.03,813.31,47884.43
2014-01-18 00:00:09,845.66,835.97,839.19,21406.37
2014-01-19 00:00:35,871.39,853.92,861.84,28215.05
2014-01-20 00:00:21,882.06,868.94,875.4,31563.81
2014-01-21 00:00:14,868.71,864.65,867.11,21412.07
2014-01-22 00:00:01,847.08,844.27,845.83,21868.39
2014-01-23 00:00:04,824.28,819.2,822.17,18944.62
2014-01-24 00:00:55,799.49,795.2,797.71,43853.92
2014-01-25 00:01:07,855.04,847.8,851.38,29263.69
2014-01-26 00:00:41,886.44,880.26,883.38,36357.04
2014-01-27 00:00:30,778.85,757.11,766.78,64094.28
2014-01-28 00:00:48,820.9,810.47,816.7,55294.71
2014-01-29 00:00:36,828.26,824.52,826.39,21468.23
2014-01-30 00:00:14,819.55,815.76,817.87,36533.65
2014-01-31 00:00:43,832.33,825.74,828.59,20596.43
2014-02-01 00:00:03,838.54,832.47,835.89,23624.54
2014-02-02 00:00:56,826.78,823.03,825.2,13672.78
2014-02-03 00:00:27,825.24,821.94,823.46,16957.35
2014-02-04 00:00:13,829.96,827.04,827.99,20056.54
2014-02-05 00:00:46,825.3,811.16,819.26,27792.53
2014-02-06 00:00:52,783.54,776.3,780.31,63977.3
2014-02-07 00:00:25,724.67,704.95,717.83,161328.03
2014-02-08 00:00:32,679.79,662.86,670.33,55535.44
2014-02-09 00:00:40,685.79,679.34,682.23,57449.77
2014-02-10 00:00:12,684.1,665.53,676.76,166214.54
2014-02-11 00:00:22,682.25,656.94,666.46,107912.78
2014-02-12 00:00:17,659.44,649.96,654.43,38785.54
2014-02-13 00:00:19,617.86,602.62,612.75,64193.68
2014-02-14 00:00:33,665.54,658.71,662.32,154492.4
2014-02-15 00:00:31,654.06,649.22,651.9,40860.73
2014-02-16 00:01:05,629.81,604.53,616.21,65059.82
2014-02-17 00:00:53,628.38,624.06,626.5,50938.53
2014-02-18 00:00:49,626.56,623.37,624.72,32018.5
2014-02-19 00:00:44,625.16,621.1,622.97,22216.79
2014-02-20 00:00:39,567.05,555.75,561.11,84532.03
2014-02-21 00:00:29,578.17,566.68,572.19,82281.2
2014-02-22 00:00:32,606.52,597.08,599.38,51923.57
2014-02-23 00:00:34,609.7,604.82,608.41,52166.54
2014-02-24 00:00:21,552,540.24,547.09,106498.99
2014-02-25 00:00:18,540.95,525,534.45,237300.42
2014-02-26 00:00:04,588.65,580.41,584.61,110551.05
2014-02-27 00:00:18,585.34,577.18,581.38,44204.55
2014-02-28 00:00:27,556.07,545.17,550.46,51151.03
2014-03-01 00:00:23,568.68,565.02,566.61,32891.13
2014-03-02 00:00:29,565.43,552.61,555.06,14204.37
2014-03-03 00:00:15,671.63,659.69,664.47,143857.44
2014-03-04 00:00:43,671.49,664.82,668.28,82883.68
2014-03-05 00:00:19,667.75,660.61,665.21,33744.66
2014-03-06 00:00:52,665.03,658.24,662.57,24348.76
2014-03-07 00:00:03,630.79,627.94,629.34,54257.53
2014-03-08 00:00:10,621.27,616.64,619.60,30236.41
2014-03-09 00:00:06,641.28,635.59,639.43,24236.44
2014-03-10 00:00:15,629.08,625.75,627.14,32750.42
2014-03-11 00:00:16,637.01,631.39,633.59,18562.57
2014-03-12 00:00:19,633.99,631.15,632.34,29628.12
2014-03-13 00:00:13,638.8,636.2,637.79,18036.5
2014-03-14 00:00:17,629.66,626.82,628.58,18946.23
2014-03-15 00:00:19,637.49,635.01,636.21,6803.49
2014-03-16 00:00:10,632.46,629.92,631.25,8366.2
2014-03-17 00:01:02,624.2,621.78,623.53,17963.53
2014-03-18 00:00:28,616.31,612.85,615.01,31447.73
2014-03-19 00:00:44,613.12,610.5,611.73,16447.26
2014-03-20 00:00:54,591.11,587.67,589.44,28301.72
2014-03-21 00:00:00,606.74,565.83,583.54,52998.17
2014-03-22 00:00:00,573.1,552.67,564.65,24897.92
2014-03-23 00:00:00,571.17,559.78,565.22,13391.03
2014-03-24 00:00:00,589.45,551.19,564.73,30156.82
2014-03-25 00:00:00,587.08,571.85,578.68,18790.04
2014-03-26 00:00:00,591.49,571.2,581.52,22495.02
2014-03-27 00:00:00,581.02,470.4,543.82,109159.77
2014-03-28 00:00:00,529.07,470.97,503.01,91621.98
2014-03-29 00:00:00,507.67,489.93,500.07,16356.33
2014-03-30 00:00:00,493.93,443.5,471.09,80698.83
2014-03-31 00:00:00,484.22,442.58,458.09,59826.55
2014-04-01 00:00:00,498.94,456.77,476.87,63306.79
2014-04-02 00:00:00,495.58,431.52,467.04,97003.55
2014-04-03 00:00:00,456.64,415.11,434.93,74799.24
2014-04-04 00:00:00,456.92,429.47,444.67,39286.65
2014-04-05 00:00:00,466.98,445.53,453.05,22202.22
2014-04-06 00:00:00,468.28,451.98,460.59,16659.23
2014-04-07 00:00:00,463.69,443.8,454.27,28821.66
2014-04-08 00:00:00,457.73,445.33,452.20,18278.9
2014-04-09 00:00:00,456.7,440.74,449.19,23264.93
2014-04-10 00:00:00,442.87,356.52,408.25,135210.85
2014-04-11 00:00:00,429.96,347.68,403.02,131367.54
2014-04-12 00:00:00,438.74,414.4,424.79,39776.88
2014-04-13 00:00:00,427.0,393.0,415.41,47557.75
2014-04-14 00:00:00,470.9,405.83,445.59,94188.12
2014-04-15 00:00:00,516.69,452.24,486.85,81578.85
2014-04-16 00:00:00,543.36,494.49,515.49,88542.05
2014-04-17 00:00:00,534.35,482.44,504.83,57953.96
2014-04-18 00:00:00,500.56,470.98,485.42,32004.42
2014-04-19 00:00:00,503.24,469.71,491.08,30558.57
2014-04-20 00:00:00,512.09,490.17,501.70,16730.35
2014-04-21 00:00:00,511.1,491.43,499.55,23640.75
2014-04-22 00:00:00,502.48,484.01,493.34,19330.23
2014-04-23 00:00:00,492.24,484.08,488.63,15586.34
2014-04-24 00:00:00,501.51,481.37,489.40,19537.09
2014-04-25 00:00:00,500.92,443.01,463.80,84930.17
2014-04-26 00:00:00,466.02,449.58,456.53,23980.66
2014-04-27 00:00:00,460.8,432.14,452.09,21001.36
2014-04-28 00:00:00,448.34,422.66,436.26,44068.04
2014-04-29 00:00:00,452.1,433.69,444.15,30202.32
2014-04-30 00:00:00,451.39,436.31,445.35,26482.49
2014-05-01 00:00:00,461.64,446.63,454.09,22738.28
2014-05-02 00:00:00,458.87,442.6,449.10,18905.04
2014-05-03 00:00:00,449.8,429.52,441.07,19146.09
2014-05-04 00:00:00,440.01,429.16,434.60,11001.47
2014-05-05 00:00:00,441.93,426.64,432.23,18722.26
2014-05-06 00:00:00,433.55,421.89,428.70,22964.42
2014-05-07 00:00:00,446.68,424.52,435.90,34871.02
2014-05-08 00:00:00,446.48,437.41,442.42,14106.38
2014-05-09 00:00:00,453.19,439.58,446.84,17502.51
2014-05-10 00:00:00,456.63,447.85,451.34,11646.1
2014-05-11 00:00:00,456.01,432.33,444.80,23965.5
2014-05-12 00:00:00,441.59,433.83,438.84,12774.53
2014-05-13 00:00:00,441.54,435.89,439.40,13379.13
2014-05-14 00:00:00,446.72,440.58,443.49,16017.65
2014-05-15 00:00:00,449.84,442.69,446.80,11522.36
2014-05-16 00:00:00,450.12,443.87,447.16,9825.74
2014-05-17 00:00:00,451.83,445.59,448.14,4550.64
2014-05-18 00:00:00,447.43,443.23,445.32,4476.59
2014-05-19 00:00:00,447.16,441.57,444.40,11148.29
2014-05-20 00:00:00,492.91,444.84,464.52,70527.5
2014-05-21 00:00:00,495.1,484.04,491.21,22381.18
2014-05-22 00:00:00,526.44,489.56,508.41,49507.53
2014-05-23 00:00:00,542.48,518.54,527.67,52710.48
2014-05-24 00:00:00,525.79,512.95,520.32,15764.04
2014-05-25 00:00:00,578.92,525.52,559.61,68410.26
2014-05-26 00:00:00,590.11,564.87,580.07,40559.08
2014-05-27 00:00:00,591.73,551.21,573.56,54030.94
2014-05-28 00:00:00,578.57,563.1,571.91,24920.52
2014-05-29 00:00:00,571.14,560.75,566.58,22550.39
2014-05-30 00:00:00,620.5,567.52,597.72,38462.07
2014-05-31 00:00:00,624.51,602.64,616.22,15852.64
2014-06-01 00:00:00,672.4,617.82,642.24,54293.67
2014-06-02 00:00:00,668.24,611.78,634.73,57457.59
2014-06-03 00:00:00,677.4,648.83,662.61,46367.13
2014-06-04 00:00:00,669.72,622.21,641.51,44283.07
2014-06-05 00:00:00,665.28,639.34,651.69,30878.15
2014-06-06 00:00:00,661.1,651.01,656.11,19262.58
2014-06-07 00:00:00,657.17,642.0,652.76,17934.89
2014-06-08 00:00:00,659.74,652.51,656.12,9547.67
2014-06-09 00:00:00,658.34,643.24,649.94,21163.28
2014-06-10 00:00:00,659.85,645.54,653.12,19918.31
2014-06-11 00:00:00,657.02,629.0,645.15,30723.25
2014-06-12 00:00:00,637.34,566.63,624.00,71904.37
2014-06-13 00:00:00,614.73,584.29,598.00,47769.77
2014-06-14 00:00:00,599.35,542.79,577.28,54130.56
2014-06-15 00:00:00,592.89,551.01,566.00,31634.55
2014-06-16 00:00:00,609.08,585.51,596.49,37329.04
2014-06-17 00:00:00,611.67,588.75,599.09,23109.82
2014-06-18 00:00:00,616.23,602.35,609.31,21886.42
2014-06-19 00:00:00,610.99,594.31,605.83,17090.38
2014-06-20 00:00:00,598.36,585.96,594.02,23267.92
2014-06-21 00:00:00,599.55,585.08,593.19,11417.5
2014-06-22 00:00:00,606.13,592.87,601.15,13285.81
2014-06-23 00:00:00,602.12,583.48,592.28,17115.46
2014-06-24 00:00:00,597.08,578.9,591.13,18322.21
2014-06-25 00:00:00,582.35,559.88,571.09,26402.87
2014-06-27 00:00:00,596.8,596.8,596.80,24480.34
2014-06-28 00:00:00,605.85,593.03,597.29,14013.89
2014-06-29 00:00:00,601.5,592.72,596.25,8607.83
2014-06-30 00:00:00,646.03,597.06,620.34,52224.25
2014-07-01 00:00:00,659.25,637.75,649.84,41279.9
2014-07-02 00:00:00,656.71,636.54,646.47,20912.51
2014-07-03 00:00:00,652.42,638.35,645.58,15907.44
2014-07-04 00:00:00,648.56,628.14,638.29,20246.8
2014-07-05 00:00:00,633.34,626.2,630.62,7565.63
2014-07-06 00:00:00,759.75,630.18,634.93,9705.26
2014-07-07 00:00:00,638.22,614.89,628.50,18240.23
2014-07-08 00:00:00,627.77,620.06,624.29,8967.03
2014-07-09 00:00:00,630.11,622.81,625.86,9165.84
2014-07-10 00:00:00,626.48,612.72,619.91,16026.48
2014-07-11 00:00:00,634.67,615.84,624.24,14466.42
2014-07-12 00:00:00,640.1,629.95,633.97,10468.6
2014-07-13 00:00:00,637.15,626.59,631.43,9156.71
2014-07-14 00:00:00,630.6,617.53,623.23,11707.33
2014-07-15 00:00:00,627.88,620.3,624.10,10370.58
2014-07-16 00:00:00,624.85,614.02,620.34,13039.14
2014-07-17 00:00:00,627.23,611.08,619.90,16634.38
2014-07-18 00:00:00,630.88,620.86,624.10,14845.98
2014-07-19 00:00:00,631.71,625.54,628.73,6417.61
2014-07-20 00:00:00,631.74,624.14,628.12,5540.18
2014-07-21 00:00:00,626.23,617.75,621.46,11680.53
2014-07-22 00:00:00,625.84,620.7,623.47,9136.77
2014-07-23 00:00:00,626.51,617.83,622.66,7185.55
2014-07-24 00:00:00,622.49,593.53,610.40,20090.35
2014-07-25 00:00:00,608.19,595.74,601.30,9552.12
2014-07-26 00:00:00,602.58,594.21,597.41,9012.73
2014-07-27 00:00:00,599.69,592.61,595.49,5918.58
2014-07-28 00:00:00,593.92,572.66,582.88,20304.79
2014-07-29 00:00:00,588.17,580.6,584.62,9392.04
2014-07-30 00:00:00,587.12,565.04,579.54,13623.5
2014-07-31 00:00:00,581.34,567.0,570.70,16788.01
2014-08-01 00:00:00,599.97,580.66,591.77,17769.37
2014-08-02 00:00:00,595.28,555.25,590.91,7196.24
2014-08-03 00:00:00,591.9,580.1,586.31,8684.97
2014-08-04 00:00:00,592.38,582.72,587.15,8040.34
2014-08-05 00:00:00,591.14,583.79,587.36,8830.63
2014-08-06 00:00:00,587.93,581.39,584.88,9462.53
2014-08-07 00:00:00,592.06,582.59,586.42,12034.61
2014-08-08 00:00:00,597.07,587.95,592.52,8954.75
2014-08-09 00:00:00,592.92,587.57,590.12,5236.28
2014-08-10 00:00:00,595.35,588.92,591.21,4659.8
2014-08-11 00:00:00,590.8,574.5,586.15,14516.96
2014-08-12 00:00:00,579.03,567.4,571.70,14541.99
2014-08-13 00:00:00,573.53,531.51,553.52,32634.45
2014-08-14 00:00:00,546.69,484.6,520.65,54063.13
2014-08-15 00:00:00,518.93,486.85,506.43,32198.4
2014-08-16 00:00:00,521.81,487.5,501.26,23765.56
2014-08-17 00:00:00,521.32,486.94,505.48,20723.15
2014-08-18 00:00:00,506.37,418.46,474.31,68999.49
2014-08-19 00:00:00,489.12,453.62,472.36,37381.27
2014-08-20 00:00:00,520.61,507.03,488.25,43527.17
2014-08-21 00:00:00,532.26,509.71,520.69,45137.23
2014-08-22 00:00:00,524.13,503.98,514.50,35883.97
2014-08-23 00:00:00,518.33,491.72,506.31,24385.97
2014-08-24 00:00:00,515.01,496.18,504.99,16364.33
2014-08-25 00:00:00,510.2,498.77,504.67,19688.82
2014-08-26 00:00:00,514.51,502.0,508.87,23391.81
2014-08-27 00:00:00,521.48,510.4,516.07,21086.99
2014-08-28 00:00:00,516.02,507.4,511.75,16927.79
2014-08-29 00:00:00,513.81,504.24,508.86,16727.07
2014-08-30 00:00:00,509.8,500.07,504.92,11455.55
2014-08-31 00:00:00,506.0,474.05,489.34,73307.68
2014-09-01 00:00:00,486.1,471.32,479.72,22381.06
2014-09-02 00:00:00,485.23,472.02,479.02,25439.48
2014-09-03 00:00:00,488.84,477.26,482.82,8113.45
2014-09-04 00:00:00,495.15,481.74,486.63,29230.49
2014-09-05 00:00:00,490.99,482.33,487.75,16169.69
2014-09-06 00:00:00,491.57,483.35,487.79,8987.46
2014-09-07 00:00:00,490.29,482.89,487.67,7999.81
2014-09-08 00:00:00,482.88,465.31,473.02,39954.21
2014-09-09 00:00:00,478.67,466.06,471.13,26564.23
2014-09-10 00:00:00,489.3,475.43,481.77,27752.75
2014-09-11 00:00:00,483.06,474.05,478.94,19612.01
2014-09-12 00:00:00,481.57,473.14,477.33,15458.77
2014-09-13 00:00:00,482.94,474.34,479.07,19232.97
2014-09-14 00:00:00,481.97,477.07,479.60,10885.2
2014-09-15 00:00:00,480.16,473.74,477.72,18019.84
2014-09-16 00:00:00,476.74,465.63,472.61,13083.78
2014-09-17 00:00:00,469.27,447.12,460.26,22284.14
2014-09-18 00:00:00,454.47,411.56,439.52,40398.92
2014-09-19 00:00:00,428.7,382.6,406.31,46780.4
2014-09-20 00:00:00,424.53,389.96,410.60,33666.29
2014-09-21 00:00:00,410.78,392.58,400.54,23119.49
2014-09-22 00:00:00,406.5,395.58,401.72,22811.39
2014-09-23 00:00:00,445.08,397.68,409.99,48739.87
2014-09-24 00:00:00,436.1,418.72,426.70,29033.86
2014-09-25 00:00:00,423.52,408.52,413.87,24249.5
2014-09-26 00:00:00,415.52,399.82,407.22,19833.14
2014-09-27 00:00:00,409.42,401.05,405.46,10804.42
2014-09-28 00:00:00,405.09,374.71,394.67,23664.47
2014-09-29 00:00:00,384.84,371.32,378.48,32794.17
2014-09-30 00:00:00,392.22,372.45,380.46,36746.82
2014-10-01 00:00:00,390.63,379.96,384.02,25490.55
2014-10-02 00:00:00,386.82,371.76,380.86,29609.55
2014-10-03 00:00:00,377.68,354.08,369.30,54319.34
2014-10-04 00:00:00,363.55,322.95,346.79,84637.21
2014-10-05 00:00:00,341.04,282.71,316.77,172981.44
2014-10-06 00:00:00,344.66,301.28,323.47,151146.82
2014-10-07 00:00:00,336.51,318.14,329.34,73099.21
2014-10-08 00:00:00,354.99,327.01,338.90,84536.21
2014-10-09 00:00:00,384.83,346.96,363.05,128425.02
2014-10-10 00:00:00,376.11,352.17,362.57,61707.6
2014-10-11 00:00:00,367.12,353.78,360.46,32716.04
2014-10-12 00:00:00,380.33,355.22,363.50,42230.77
2014-10-13 00:00:00,398.73,368.24,378.80,82814.64
2014-10-14 00:00:00,413.39,390.79,401.98,87445.97
2014-10-15 00:00:00,402.0,387.82,394.45,58442.88
2014-10-16 00:00:00,398.96,371.62,387.40,63208.31
2014-10-17 00:00:00,385.31,374.11,380.30,30958.46
2014-10-18 00:00:00,395.45,378.37,386.39,25091.35
2014-10-19 00:00:00,394.03,385.79,390.25,12178.17
2014-10-20 00:00:00,389.77,375.27,383.19,37504.26
2014-10-21 00:00:00,392.74,379.48,386.01,31603.91
2014-10-22 00:00:00,387.96,380.78,384.68,25285.26
2014-10-23 00:00:00,384.84,355.45,368.82,65413.57
2014-10-24 00:00:00,364.22,351.93,358.22,39085.1
2014-10-25 00:00:00,359.55,341.79,350.46,47704.71
2014-10-26 00:00:00,359.33,342.56,351.92,28993.44
2014-10-27 00:00:00,358.17,348.74,353.88,31972.75
2014-10-28 00:00:00,359.11,351.32,355.49,17887.48
2014-10-29 00:00:00,356.53,333.93,347.25,48164.65
2014-10-30 00:00:00,351.1,334.06,339.01,81052.45
2014-10-31 00:00:00,347.93,336.5,341.94,33146.12
2014-11-01 00:00:00,340.09,320.09,330.27,46433.22
2014-11-02 00:00:00,329.5,319.82,325.12,22909.89
2014-11-03 00:00:00,334.4,324.31,328.60,34199.75
2014-11-04 00:00:00,332.15,323.83,327.65,40783.72
2014-11-05 00:00:00,343.13,330.27,337.90,51470.57
2014-11-06 00:00:00,353.46,337.69,343.50,47806.68
2014-11-07 00:00:00,353.12,341.42,345.68,44909.99
2014-11-08 00:00:00,347.22,341.93,344.51,21520.58
2014-11-09 00:00:00,364.07,344.09,351.35,62873.15
2014-11-10 00:00:00,374.87,357.49,365.79,76161.89
2014-11-11 00:00:00,371.38,363.2,367.40,38950.9
2014-11-12 00:00:00,433.68,367.66,395.55,97175.6
2014-11-13 00:00:00,459.28,397.06,432.00,125599.5
2014-11-14 00:00:00,420.74,383.77,396.93,67348.97
2014-11-15 00:00:00,406.07,370.4,387.03,36126.87
2014-11-16 00:00:00,390.74,373.99,383.66,29083.35
2014-11-17 00:00:00,410.62,375.93,396.52,99977.16
2014-11-18 00:00:00,392.02,369.98,381.21,80298.5
2014-11-19 00:00:00,386.37,372.99,378.76,44971.64
2014-11-20 00:00:00,380.96,355.27,366.02,64007.17
2014-11-21 00:00:00,357.42,343.43,351.95,79577.51
2014-11-22 00:00:00,364.74,350.47,357.13,39314.63
2014-11-23 00:00:00,371.16,352.67,359.51,37519.68
2014-11-24 00:00:00,387.68,366.01,375.33,74439.83
2014-11-25 00:00:00,395.03,374.88,383.48,70466.41
2014-11-26 00:00:00,378.86,366.38,372.36,53371.49
2014-11-27 00:00:00,375.08,369.57,372.09,24556.04
2014-11-28 00:00:00,383.42,358.73,370.30,76258.26
2014-11-29 00:00:00,387.93,372.87,379.02,101304.26
2014-11-30 00:00:00,383.42,374.8,378.63,25441.12
2014-12-01 00:00:00,384.83,377.77,380.74,30752.6
2014-12-02 00:00:00,386.12,380.02,383.00,35074.62
2014-12-03 00:00:00,384.86,375.72,379.97,40682.02
2014-12-04 00:00:00,379.79,369.4,375.18,46131.97
2014-12-05 00:00:00,379.89,367.16,373.83,46480.59
2014-12-06 00:00:00,379.57,372.0,376.14,23486.39
2014-12-07 00:00:00,379.55,374.52,377.48,15264.5
2014-12-08 00:00:00,377.97,362.6,370.34,45887.08
2014-12-09 00:00:00,363.8,346.19,353.67,86137.64
2014-12-10 00:00:00,352.86,346.1,350.27,44444.95
2014-12-11 00:00:00,362.39,339.07,352.56,87848.84
2014-12-12 00:00:00,355.18,347.28,351.73,41468.85
2014-12-13 00:00:00,352.78,347.02,348.98,30879.14
2014-12-14 00:00:00,353.94,346.53,349.89,31682.21
2014-12-15 00:00:00,352.23,345.66,348.41,43507.97
2014-12-16 00:00:00,346.99,326.81,336.52,82179.73
2014-12-17 00:00:00,334.09,315.46,323.74,105555.17
2014-12-18 00:00:00,324.89,304.33,313.28,115187.03
2014-12-19 00:00:00,319.68,307.17,313.38,49549.88
2014-12-20 00:00:00,331.07,316.63,325.15,42107.16
2014-12-21 00:00:00,330.65,318.54,324.87,30924.39
2014-12-22 00:00:00,334.9,321.26,328.65,42788.05
2014-12-23 00:00:00,338.24,330.11,334.39,30044.9
2014-12-24 00:00:00,336.18,322.49,331.08,27163.02
2014-12-25 00:00:00,324.22,318.13,321.17,15036.39
2014-12-26 00:00:00,331.48,317.29,324.01,29375.5
2014-12-27 00:00:00,329.88,313.52,320.66,33067.6
2014-12-28 00:00:00,319.91,312.35,317.02,19152.25
2014-12-29 00:00:00,321.11,314.14,317.06,22525.85
2014-12-30 00:00:00,317.63,311.37,315.46,23748.25
2014-12-31 00:00:00,320.97,311.41,314.69,25484.7
2015-01-01 00:00:00,320.67,314.87,316.90,15471.81
2015-01-02 00:00:00,316.72,314.2,315.49,20420.58
2015-01-03 00:00:00,316.87,280.84,305.02,104464.71
2015-01-04 00:00:00,287.42,256.83,275.07,188172.82
2015-01-05 00:00:00,278.72,264.53,272.21,120649.78
2015-01-06 00:00:00,288.79,273.28,277.45,72122.43
2015-01-07 00:00:00,300.57,283.61,288.68,70564.62
2015-01-08 00:00:00,295.13,282.37,289.20,59326.04
2015-01-09 00:00:00,292.22,281.14,285.23,57589.31
2015-01-10 00:00:00,289.83,275.06,280.75,43889.52
2015-01-11 00:00:00,280.45,265.18,273.98,44890.73
2015-01-12 00:00:00,272.65,265.11,269.70,49073.28
2015-01-13 00:00:00,269.02,220.24,240.52,235506.85
2015-01-14 00:00:00,224.71,172.45,198.59,380843.09
2015-01-15 00:00:00,228.54,177.87,206.74,272902.72
2015-01-16 00:00:00,222.13,199.94,211.82,127323.97
2015-01-17 00:00:00,212.8,194.9,201.29,82866.55
2015-01-18 00:00:00,219.91,194.83,206.40,109770.13
2015-01-19 00:00:00,217.89,206.69,212.06,71574.8
2015-01-20 00:00:00,216.0,205.61,211.35,97038.49
2015-01-21 00:00:00,227.9,211.83,215.68,116977.53
2015-01-22 00:00:00,238.36,225.74,232.40,122465.33
2015-01-23 00:00:00,235.85,225.55,230.55,91412.89
2015-01-24 00:00:00,248.75,230.47,238.12,86796.63
2015-01-25 00:00:00,255.52,244.26,248.76,116938.46
2015-01-26 00:00:00,309.0,254.57,281.26,352115.85
2015-01-27 00:00:00,276.31,250.31,261.16,150056.79
2015-01-28 00:00:00,267.11,226.35,253.03,171776.64
2015-01-29 00:00:00,238.93,221.06,232.15,119471.84
2015-01-30 00:00:00,242.77,225.54,232.51,103521.92
2015-01-31 00:00:00,233.75,216.41,228.26,93978.03
2015-02-01 00:00:00,232.12,211.97,218.81,111873.05
2015-02-02 00:00:00,242.76,222.4,227.01,104458.22
2015-02-03 00:00:00,246.65,223.97,237.18,149950.53
2015-02-04 00:00:00,231.22,221.17,225.89,95997.66
2015-02-05 00:00:00,230.29,215.46,222.85,81825.29
2015-02-06 00:00:00,225.82,216.23,220.57,89546.12
2015-02-07 00:00:00,232.26,222.86,226.67,81250.29
2015-02-08 00:00:00,230.35,221.38,225.54,62552.23
2015-02-09 00:00:00,224.49,216.68,221.35,107829.54
2015-02-10 00:00:00,222.43,216.09,219.15,80040.27
2015-02-11 00:00:00,223.77,219.04,221.73,62140.6
2015-02-12 00:00:00,223.36,218.67,220.90,54594.01
2015-02-13 00:00:00,240.81,221.84,232.26,156854.26
2015-02-14 00:00:00,260.75,235.76,246.40,171960.64
2015-02-15 00:00:00,267.18,227.58,250.25,213064.24
2015-02-16 00:00:00,239.9,229.09,234.53,104340.82
2015-02-17 00:00:00,246.08,232.43,239.08,97619.19
2015-02-18 00:00:00,244.9,232.66,240.27,89313.68
2015-02-19 00:00:00,244.02,236.11,238.82,62179.43
2015-02-20 00:00:00,247.95,240.05,243.71,81506.77
2015-02-21 00:00:00,248.87,244.14,245.57,42349.73
2015-02-22 00:00:00,247.43,234.05,242.55,69317.46
2015-02-23 00:00:00,241.22,232.5,236.76,56861.24
2015-02-24 00:00:00,241.46,237.67,239.65,46565.32
2015-02-25 00:00:00,240.58,236.73,238.77,38862.7
2015-02-26 00:00:00,238.94,235.4,237.64,46600.1
2015-02-27 00:00:00,257.62,237.51,250.87,151742.9
2015-02-28 00:00:00,256.07,249.92,253.74,43274.54
2015-03-01 00:00:00,262.77,247.35,252.94,82606.12
2015-03-02 00:00:00,277.5,258.48,263.05,124936.58
2015-03-03 00:00:00,287.82,267.99,275.97,150379.36
2015-03-04 00:00:00,284.38,268.08,279.63,126782.38
2015-03-05 00:00:00,282.75,264.85,271.63,125572.74
2015-03-06 00:00:00,278.22,270.15,273.79,89825.58
2015-03-07 00:00:00,279.36,270.72,274.31,53985.81
2015-03-08 00:00:00,279.04,273.29,276.08,45597.81
2015-03-09 00:00:00,293.49,275.18,282.55,144709.49
2015-03-10 00:00:00,301.41,289.29,294.30,159468.68
2015-03-11 00:00:00,297.5,290.81,294.30,69076.06
2015-03-12 00:00:00,297.82,293.0,295.18,66207.49
2015-03-13 00:00:00,295.62,284.12,291.60,94704.98
2015-03-14 00:00:00,286.77,281.06,283.97,68276.87
2015-03-15 00:00:00,287.51,281.37,285.12,35134.09
2015-03-16 00:00:00,294.34,286.53,291.67,61303.85
2015-03-17 00:00:00,293.77,284.86,290.43,58678.52
2015-03-18 00:00:00,286.1,249.46,274.42,194486.69
2015-03-19 00:00:00,264.82,247.9,257.86,168099.35
2015-03-20 00:00:00,265.11,259.53,261.75,48902.97
2015-03-21 00:00:00,263.28,256.66,260.84,45998.05
2015-03-22 00:00:00,270.56,260.39,262.94,52176.31
2015-03-23 00:00:00,270.57,262.06,267.89,66830.82
2015-03-24 00:00:00,267.94,244.06,257.07,140014.38
2015-03-25 00:00:00,249.66,236.56,245.41,115343.41
2015-03-26 00:00:00,254.77,245.12,249.82,78120.38
2015-03-27 00:00:00,250.17,245.8,248.44,53975.45
2015-03-28 00:00:00,255.25,247.81,252.51,47299.28
2015-03-29 00:00:00,253.51,240.68,246.18,69146.22
2015-03-30 00:00:00,249.63,237.17,245.69,73958.8
2015-03-31 00:00:00,249.66,243.25,246.47,66920.76
2015-04-01 00:00:00,247.97,241.04,244.53,69720.17
2015-04-02 00:00:00,255.07,246.01,249.24,83028.42
2015-04-03 00:00:00,257.06,252.31,254.51,71432.97
2015-04-04 00:00:00,256.41,252.32,254.62,33861.4
2015-04-05 00:00:00,261.09,253.95,256.88,57719.6
2015-04-06 00:00:00,262.22,254.87,258.41,63013.87
2015-04-07 00:00:00,257.14,253.24,255.23,51467.1
2015-04-08 00:00:00,255.94,244.02,250.29,98219.85
2015-04-09 00:00:00,246.95,239.15,244.58,68417.77
2015-04-10 00:00:00,244.55,232.79,238.93,98703.03
2015-04-11 00:00:00,239.79,234.52,236.88,50845.36
2015-04-12 00:00:00,238.64,234.72,237.51,36148.27
2015-04-13 00:00:00,237.69,222.16,233.45,117512.9
2015-04-14 00:00:00,225.74,216.39,221.18,118385.57
2015-04-15 00:00:00,224.63,218.94,222.13,76325.72
2015-04-16 00:00:00,230.62,224.39,228.19,85686.73
2015-04-17 00:00:00,229.28,222.37,225.29,71168.52
2015-04-18 00:00:00,224.94,221.86,223.81,42097.09
2015-04-19 00:00:00,227.12,222.6,225.22,51026.54
2015-04-20 00:00:00,226.56,222.21,224.70,61486.23
2015-04-21 00:00:00,235.76,225.54,227.57,85131.71
2015-04-22 00:00:00,239.0,234.13,236.16,75950.36
2015-04-23 00:00:00,238.02,234.12,235.79,43530.26
2015-04-24 00:00:00,237.36,230.74,232.93,68491.79
2015-04-25 00:00:00,233.4,226.74,230.04,45412.38
2015-04-26 00:00:00,227.37,215.22,219.70,101898.48
2015-04-27 00:00:00,234.33,218.21,221.85,135341.4
2015-04-28 00:00:00,230.34,223.84,226.74,64405.3
2015-04-29 00:00:00,228.04,224.76,226.45,60179.15
2015-04-30 00:00:00,240.41,225.99,232.53,115854.06
2015-05-01 00:00:00,239.5,233.1,236.12,61866.52
2015-05-02 00:00:00,237.4,233.26,235.95,37117.67
2015-05-03 00:00:00,244.21,235.53,240.58,56870.11
2015-05-04 00:00:00,243.62,238.48,240.85,68030.11
2015-05-05 00:00:00,240.31,232.9,236.49,79244.99
2015-05-06 00:00:00,237.54,229.54,235.66,104473.71
2015-05-07 00:00:00,239.68,229.15,232.80,93186.4
2015-05-08 00:00:00,247.11,236.88,240.78,88379.04
2015-05-09 00:00:00,248.46,240.37,243.49,63587.12
2015-05-10 00:00:00,245.81,239.96,242.38,43851.58
2015-05-11 00:00:00,245.01,240.1,242.28,64995.33
2015-05-12 00:00:00,244.05,241.06,242.68,56174.71
2015-05-13 00:00:00,246.17,236.01,243.75,87594.8
2015-05-15 00:00:00,238.5,238.5,238.50,45636.38
2015-05-16 00:00:00,240.45,236.96,238.75,29302.64
2015-05-17 00:00:00,239.61,237.24,238.32,29633.96
2015-05-18 00:00:00,237.91,233.26,236.89,53208.19
2015-05-19 00:00:00,235.52,233.03,234.31,40483.62
2015-05-20 00:00:00,235.82,233.57,234.75,48699.54
2015-05-21 00:00:00,237.49,234.96,236.34,45192.79
2015-05-22 00:00:00,241.57,236.16,238.17,80962.86
2015-05-23 00:00:00,241.82,239.6,240.78,35540.02
2015-05-24 00:00:00,242.85,239.56,241.02,31446.87
2015-05-25 00:00:00,241.89,237.28,239.42,36605.0
2015-05-26 00:00:00,238.94,236.28,238.20,46819.11
2015-05-27 00:00:00,240.95,237.46,239.03,52094.25
2015-05-28 00:00:00,239.2,237.76,238.54,36933.91
2015-05-29 00:00:00,238.91,237.14,238.22,39964.53
2015-05-30 00:00:00,238.44,232.88,235.57,44094.6
2015-05-31 00:00:00,234.6,229.47,233.44,41850.72
2015-06-01 00:00:00,232.0,221.65,227.58,91262.93